source,target,model,row,true_label,baseline,ranking,advantage,sufficiency_gap
ids2018,unsw,DecisionTree,181574,0,median,absolute,-0.3677301226210952,0.0
ids2018,unsw,DecisionTree,181574,0,median,signed_descending,-0.3677301226210952,0.0
ids2018,unsw,DecisionTree,181574,0,mean,absolute,0.0,0.27902069367531335
ids2018,unsw,DecisionTree,181574,0,mean,signed_descending,0.21836081129166174,0.7067530848809671
ids2018,unsw,DecisionTree,187230,0,median,absolute,-0.30644176885091273,0.0
ids2018,unsw,DecisionTree,187230,0,median,signed_descending,-0.30644176885091273,0.0
ids2018,unsw,DecisionTree,187230,0,mean,absolute,-0.1746886490333294,0.32194695424074615
ids2018,unsw,DecisionTree,187230,0,mean,signed_descending,-0.04367216225833235,0.9637542066558643
ids2018,unsw,DecisionTree,366286,0,median,absolute,0.0,0.3333333333333333
ids2018,unsw,DecisionTree,366286,0,median,signed_descending,0.0,0.0
ids2018,unsw,DecisionTree,366286,0,mean,absolute,0.0,0.39033445510823056
ids2018,unsw,DecisionTree,366286,0,mean,signed_descending,0.03469656992084433,0.9637542066558643
ids2018,unsw,DecisionTree,427982,0,median,absolute,0.0,0.26666666666666666
ids2018,unsw,DecisionTree,427982,0,median,signed_descending,0.0,0.0
ids2018,unsw,DecisionTree,427982,0,mean,absolute,0.0,0.5855465417651864
ids2018,unsw,DecisionTree,427982,0,mean,signed_descending,0.0,0.9637542066558643
ids2018,unsw,DecisionTree,553221,0,median,absolute,0.0,0.0
ids2018,unsw,DecisionTree,553221,0,median,signed_descending,0.0,0.0
ids2018,unsw,DecisionTree,553221,0,mean,absolute,0.0,0.30048382395802975
ids2018,unsw,DecisionTree,553221,0,mean,signed_descending,0.13101648677499703,0.8352536457684158
ids2018,unsw,DecisionTree,664579,0,median,absolute,0.0,0.0
ids2018,unsw,DecisionTree,664579,0,median,signed_descending,0.12257670754036509,0.0
ids2018,unsw,DecisionTree,664579,0,mean,absolute,-0.1156250461570057,0.32194695424074615
ids2018,unsw,DecisionTree,664579,0,mean,signed_descending,-0.028280721640340994,0.642502804437243
ids2018,unsw,DecisionTree,1028022,1,median,absolute,0.0,0.0
ids2018,unsw,DecisionTree,1028022,1,median,signed_descending,0.0,0.0
ids2018,unsw,DecisionTree,1028022,1,mean,absolute,0.8583476898413563,0.3216687334318963
ids2018,unsw,DecisionTree,1028022,1,mean,signed_descending,0.15411053084793744,0.9637542066558643
ids2018,unsw,DecisionTree,1048656,1,median,absolute,0.0,0.0
ids2018,unsw,DecisionTree,1048656,1,median,signed_descending,0.0,0.0
ids2018,unsw,DecisionTree,1048656,1,mean,absolute,-0.10731565141358206,0.4930955548847777
ids2018,unsw,DecisionTree,1048656,1,mean,signed_descending,-0.10731565141358206,0.9637542066558643
ids2018,unsw,DecisionTree,1058443,1,median,absolute,0.0,0.0
ids2018,unsw,DecisionTree,1058443,1,median,signed_descending,0.0,0.0
ids2018,unsw,DecisionTree,1058443,1,mean,absolute,0.0,0.257418452988172
ids2018,unsw,DecisionTree,1058443,1,mean,signed_descending,0.0,0.9637542066558643
ids2018,unsw,DecisionTree,1104934,0,median,absolute,0.0,0.3333333333333333
ids2018,unsw,DecisionTree,1104934,0,median,signed_descending,0.0,0.0
ids2018,unsw,DecisionTree,1104934,0,mean,absolute,0.0,0.518835015995679
ids2018,unsw,DecisionTree,1104934,0,mean,signed_descending,0.0,0.9637542066558643
ids2018,unsw,DecisionTree,1236137,1,median,absolute,0.0,0.0
ids2018,unsw,DecisionTree,1236137,1,median,signed_descending,0.0,0.0
ids2018,unsw,DecisionTree,1236137,1,mean,absolute,0.3333333333333333,0.34299275331018775
ids2018,unsw,DecisionTree,1236137,1,mean,signed_descending,0.0,0.9637542066558643
ids2018,unsw,DecisionTree,1245641,1,median,absolute,0.25983483921111433,0.0
ids2018,unsw,DecisionTree,1245641,1,median,signed_descending,0.28129796949383074,0.0
ids2018,unsw,DecisionTree,1245641,1,mean,absolute,0.13333333333333333,0.9637542066558643
ids2018,unsw,DecisionTree,1245641,1,mean,signed_descending,0.39999999999999997,0.9637542066558643
ids2018,unsw,DecisionTree,1423118,1,median,absolute,0.0,0.0
ids2018,unsw,DecisionTree,1423118,1,median,signed_descending,0.0,0.0
ids2018,unsw,DecisionTree,1423118,1,mean,absolute,0.37999243180019954,0.4716324246020613
ids2018,unsw,DecisionTree,1423118,1,mean,signed_descending,0.0,0.9637542066558643
ids2018,unsw,DecisionTree,1476691,1,median,absolute,0.48575197889182054,0.4666666666666666
ids2018,unsw,DecisionTree,1476691,1,median,signed_descending,0.6,0.0
ids2018,unsw,DecisionTree,1476691,1,mean,absolute,-0.034696569920844335,0.45941750799783954
ids2018,unsw,DecisionTree,1476691,1,mean,signed_descending,0.46121372031662267,0.9637542066558643
ids2018,unsw,DecisionTree,1547898,1,median,absolute,0.3122691292875989,0.20000000000000004
ids2018,unsw,DecisionTree,1547898,1,median,signed_descending,0.8000000000000002,0.0
ids2018,unsw,DecisionTree,1547898,1,mean,absolute,0.17348284960422164,0.45216834932901245
ids2018,unsw,DecisionTree,1547898,1,mean,signed_descending,0.8000000000000002,0.9637542066558643
ids2018,unsw,DecisionTree,1563527,0,median,absolute,0.0,0.0
ids2018,unsw,DecisionTree,1563527,0,median,signed_descending,0.12257670754036509,0.0
ids2018,unsw,DecisionTree,1563527,0,mean,absolute,0.0,0.32194695424074615
ids2018,unsw,DecisionTree,1563527,0,mean,signed_descending,0.05567400015120586,0.9637542066558643
ids2018,unsw,DecisionTree,1849062,1,median,absolute,0.0,0.040205284996724176
ids2018,unsw,DecisionTree,1849062,1,median,signed_descending,0.0,0.0
ids2018,unsw,DecisionTree,1849062,1,mean,absolute,0.3065060959854753,0.5100147537638053
ids2018,unsw,DecisionTree,1849062,1,mean,signed_descending,0.10923256916049734,0.9637542066558643
ids2018,unsw,DecisionTree,1871037,0,median,absolute,0.0,0.20000000000000004
ids2018,unsw,DecisionTree,1871037,0,median,signed_descending,0.06666666666666667,0.0
ids2018,unsw,DecisionTree,1871037,0,mean,absolute,0.0,0.9637542066558643
ids2018,unsw,DecisionTree,1871037,0,mean,signed_descending,0.0,0.9637542066558643
ids2018,unsw,DecisionTree,1942006,1,median,absolute,0.008179419525065975,0.20000000000000004
ids2018,unsw,DecisionTree,1942006,1,median,signed_descending,0.3333333333333333,0.0
ids2018,unsw,DecisionTree,1942006,1,mean,absolute,0.0,0.9637542066558643
ids2018,unsw,DecisionTree,1942006,1,mean,signed_descending,0.0,0.9637542066558643
ids2018,unsw,DecisionTree,1971157,0,median,absolute,0.13101648677499705,0.20000000000000004
ids2018,unsw,DecisionTree,1971157,0,median,signed_descending,0.6206776578499981,0.0
ids2018,unsw,DecisionTree,1971157,0,mean,absolute,0.0,0.9637542066558643
ids2018,unsw,DecisionTree,1971157,0,mean,signed_descending,0.0,0.9637542066558643
ids2018,ids2018,DecisionTree,504154,1,median,absolute,0.5886381801300616,0.0
ids2018,ids2018,DecisionTree,504154,1,median,signed_descending,0.7775445868951469,0.0
ids2018,ids2018,DecisionTree,504154,1,mean,absolute,-0.09741599788341122,0.9637542066558643
ids2018,ids2018,DecisionTree,504154,1,mean,signed_descending,0.17642348150921347,0.9637542066558643
ids2018,ids2018,DecisionTree,526672,0,median,absolute,-0.2701795407375288,-0.06799167771259473
ids2018,ids2018,DecisionTree,526672,0,median,signed_descending,-0.2701795407375288,-0.06799167771259473
ids2018,ids2018,DecisionTree,526672,0,mean,absolute,-0.07193473459593504,0.2539552765281514
ids2018,ids2018,DecisionTree,526672,0,mean,signed_descending,-0.0039430568833403136,0.8957625289432697
ids2018,ids2018,DecisionTree,863548,1,median,absolute,0.7333333333333334,1.0
ids2018,ids2018,DecisionTree,863548,1,median,signed_descending,-0.06666666666666667,0.8282949577382688
ids2018,ids2018,DecisionTree,863548,1,mean,absolute,0.48734432451666465,0.8072491586688271
ids2018,ids2018,DecisionTree,863548,1,mean,signed_descending,0.820677657849998,0.03624579334413558
ids2018,ids2018,DecisionTree,1247706,1,median,absolute,-0.32696145025344375,1.0
ids2018,ids2018,DecisionTree,1247706,1,median,signed_descending,-0.3333333333333333,0.9570737394345672
ids2018,ids2018,DecisionTree,1247706,1,mean,absolute,-0.6,1.0
ids2018,ids2018,DecisionTree,1247706,1,mean,signed_descending,-0.6,0.03624579334413558
ids2018,ids2018,DecisionTree,3202532,0,median,absolute,0.0,0.5333333333333333
ids2018,ids2018,DecisionTree,3202532,0,median,signed_descending,0.4666666666666666,0.0
ids2018,ids2018,DecisionTree,3202532,0,mean,absolute,-0.104089709762533,0.5475473049472227
ids2018,ids2018,DecisionTree,3202532,0,mean,signed_descending,0.6054529463500439,0.9637542066558643
ids2018,ids2018,DecisionTree,3228906,0,median,absolute,-0.1838650613105476,0.0
ids2018,ids2018,DecisionTree,3228906,0,median,signed_descending,-0.1838650613105476,0.0
ids2018,ids2018,DecisionTree,3228906,0,mean,absolute,-0.004532778514172982,0.32194695424074615
ids2018,ids2018,DecisionTree,3228906,0,mean,signed_descending,0.08281154600249173,0.9637542066558643
ids2018,ids2018,DecisionTree,5124375,0,median,absolute,0.0,0.20000000000000004
ids2018,ids2018,DecisionTree,5124375,0,median,signed_descending,0.06666666666666667,0.0
ids2018,ids2018,DecisionTree,5124375,0,mean,absolute,0.0,0.9637542066558643
ids2018,ids2018,DecisionTree,5124375,0,mean,signed_descending,0.04563991323210412,0.8352536457684158
ids2018,ids2018,DecisionTree,5998673,1,median,absolute,0.004247922053259708,1.0
ids2018,ids2018,DecisionTree,5998673,1,median,signed_descending,0.0,0.9785368697172836
ids2018,ids2018,DecisionTree,5998673,1,mean,absolute,0.0,1.0
ids2018,ids2018,DecisionTree,5998673,1,mean,signed_descending,0.0,0.03624579334413558
ids2018,ids2018,DecisionTree,6392601,0,median,absolute,0.011182191100321445,-0.041933216626205416
ids2018,ids2018,DecisionTree,6392601,0,median,signed_descending,0.011182191100321445,-0.041933216626205416
ids2018,ids2018,DecisionTree,6392601,0,mean,absolute,-0.18307529235857048,0.32280088777554866
ids2018,ids2018,DecisionTree,6392601,0,mean,signed_descending,-0.1439376235074454,0.9218209900296589
ids2018,ids2018,DecisionTree,8475280,1,median,absolute,-0.06666666666666667,1.0
ids2018,ids2018,DecisionTree,8475280,1,median,signed_descending,-0.06666666666666667,0.9141474788691344
ids2018,ids2018,DecisionTree,8475280,1,mean,absolute,-0.13333333333333333,1.0
ids2018,ids2018,DecisionTree,8475280,1,mean,signed_descending,-0.13333333333333333,0.03624579334413558
ids2018,ids2018,DecisionTree,8535025,1,median,absolute,0.0,1.0
ids2018,ids2018,DecisionTree,8535025,1,median,signed_descending,0.0,1.0
ids2018,ids2018,DecisionTree,8535025,1,mean,absolute,-0.15632783774166767,1.0
ids2018,ids2018,DecisionTree,8535025,1,mean,signed_descending,-0.022994504408334327,0.03624579334413558
ids2018,ids2018,DecisionTree,8632909,1,median,absolute,0.0,1.0
ids2018,ids2018,DecisionTree,8632909,1,median,signed_descending,0.13333333333333333,0.892684348586418
ids2018,ids2018,DecisionTree,8632909,1,mean,absolute,0.0,0.9357497195562757
ids2018,ids2018,DecisionTree,8632909,1,mean,signed_descending,0.13333333333333333,0.16474635423158418
ids2018,ids2018,DecisionTree,9041050,1,median,absolute,-0.26666666666666666,1.0
ids2018,ids2018,DecisionTree,9041050,1,median,signed_descending,-0.26666666666666666,0.9570737394345672
ids2018,ids2018,DecisionTree,9041050,1,mean,absolute,-0.26666666666666666,1.0
ids2018,ids2018,DecisionTree,9041050,1,mean,signed_descending,-0.0666666666666667,0.03624579334413558
ids2018,ids2018,DecisionTree,9563273,0,median,absolute,-0.19130985218064453,-0.023755615237316396
ids2018,ids2018,DecisionTree,9563273,0,median,signed_descending,-0.188142436815669,-0.023755615237316396
ids2018,ids2018,DecisionTree,9563273,0,mean,absolute,-0.023100581637445505,0.29819133900342976
ids2018,ids2018,DecisionTree,9563273,0,mean,signed_descending,0.16900885190324924,0.939998591418548
ids2018,ids2018,DecisionTree,9850776,0,median,absolute,0.0,-0.05371044877277131
ids2018,ids2018,DecisionTree,9850776,0,median,signed_descending,0.07561114010958823,-0.05371044877277131
ids2018,ids2018,DecisionTree,9850776,0,mean,absolute,-0.1849254833778747,0.26823650546797484
ids2018,ids2018,DecisionTree,9850776,0,mean,signed_descending,-0.13283469275921164,0.7815431969956445
ids2018,ids2018,DecisionTree,13843066,0,median,absolute,0.0,0.0
ids2018,ids2018,DecisionTree,13843066,0,median,signed_descending,0.0,0.0
ids2018,ids2018,DecisionTree,13843066,0,mean,absolute,0.4749605847785581,0.364734104401754
ids2018,ids2018,DecisionTree,13843066,0,mean,signed_descending,0.0,0.9637542066558643
ids2018,ids2018,DecisionTree,15077162,0,median,absolute,0.0,0.4666666666666666
ids2018,ids2018,DecisionTree,15077162,0,median,signed_descending,0.3333333333333333,0.0
ids2018,ids2018,DecisionTree,15077162,0,mean,absolute,0.0,0.6497519631060701
ids2018,ids2018,DecisionTree,15077162,0,mean,signed_descending,0.3333333333333333,0.89950392621214
ids2018,ids2018,DecisionTree,15680092,1,median,absolute,0.40926738623334513,1.0
ids2018,ids2018,DecisionTree,15680092,1,median,signed_descending,0.0,0.26666666666666666
ids2018,ids2018,DecisionTree,15680092,1,mean,absolute,0.0,0.9357497195562757
ids2018,ids2018,DecisionTree,15680092,1,mean,signed_descending,0.0,0.03624579334413558
ids2018,ids2018,DecisionTree,16435528,0,median,absolute,-0.006736665315930572,-0.05371044877277131
ids2018,ids2018,DecisionTree,16435528,0,median,signed_descending,0.004005424438623691,-0.05371044877277131
ids2018,ids2018,DecisionTree,16435528,0,mean,absolute,-0.13641287639637167,0.31102365562898276
ids2018,ids2018,DecisionTree,16435528,0,mean,signed_descending,0.017903482924257103,0.9100437578830931
ids2018,ids2018,DecisionTree,16716642,1,median,absolute,0.002123961026629854,1.0
ids2018,ids2018,DecisionTree,16716642,1,median,signed_descending,0.0,1.0
ids2018,ids2018,DecisionTree,16716642,1,mean,absolute,-0.13333333333333333,1.0
ids2018,ids2018,DecisionTree,16716642,1,mean,signed_descending,-0.13333333333333333,0.03624579334413558
ids2018,unsw,DeepMLP,181574,0,median,absolute,-0.004832355181376139,0.007172608375549315
ids2018,unsw,DeepMLP,181574,0,median,signed_descending,0.042346449693044026,-0.08234592676162719
ids2018,unsw,DeepMLP,181574,0,mean,absolute,0.0025043288866678872,0.30717921257019043
ids2018,unsw,DeepMLP,181574,0,mean,signed_descending,0.022947065035502118,0.14774799744288125
ids2018,unsw,DeepMLP,187230,0,median,absolute,-0.019460376103719076,-0.04593217372894287
ids2018,unsw,DeepMLP,187230,0,median,signed_descending,0.029721371332804364,-0.08975842793782551
ids2018,unsw,DeepMLP,187230,0,mean,absolute,-0.003568693002065023,0.25744726061820983
ids2018,unsw,DeepMLP,187230,0,mean,signed_descending,0.0200568159421285,0.1462261438369751
ids2018,unsw,DeepMLP,366286,0,median,absolute,-0.01098997990290324,0.09148043791453044
ids2018,unsw,DeepMLP,366286,0,median,signed_descending,0.21390341122945147,-0.004008928934733073
ids2018,unsw,DeepMLP,366286,0,mean,absolute,-0.007338738441467286,0.40069452126820887
ids2018,unsw,DeepMLP,366286,0,mean,signed_descending,0.18484560251235962,0.028067998091379803
ids2018,unsw,DeepMLP,427982,0,median,absolute,-0.010526069005330404,0.04973758459091187
ids2018,unsw,DeepMLP,427982,0,median,signed_descending,0.05307340621948242,0.006108335653940836
ids2018,unsw,DeepMLP,427982,0,mean,absolute,-0.005208071072896322,0.4061800718307495
ids2018,unsw,DeepMLP,427982,0,mean,signed_descending,0.06305191119511923,0.09113916158676146
ids2018,unsw,DeepMLP,553221,0,median,absolute,-0.044011743863423665,-0.03546949625015259
ids2018,unsw,DeepMLP,553221,0,median,signed_descending,0.007067108154296881,-0.0839234471321106
ids2018,unsw,DeepMLP,553221,0,mean,absolute,-0.010220543543497721,0.2801950494448344
ids2018,unsw,DeepMLP,553221,0,mean,signed_descending,0.012119714419047037,0.14476400216420493
ids2018,unsw,DeepMLP,664579,0,median,absolute,-0.018122545878092446,0.010359132289886474
ids2018,unsw,DeepMLP,664579,0,median,signed_descending,0.03548272450764974,-0.08107088804244995
ids2018,unsw,DeepMLP,664579,0,mean,absolute,-0.00730844736099243,0.312365972995758
ids2018,unsw,DeepMLP,664579,0,mean,signed_descending,0.016471111774444578,0.14593823353449506
ids2018,unsw,DeepMLP,1028022,1,median,absolute,-0.015095468362172444,0.8082125862439473
ids2018,unsw,DeepMLP,1028022,1,median,signed_descending,0.033804702758789065,-0.015450723965962726
ids2018,unsw,DeepMLP,1028022,1,mean,absolute,-0.00471033255259196,0.5610639413197834
ids2018,unsw,DeepMLP,1028022,1,mean,signed_descending,0.03536414702733357,0.12052163283030193
ids2018,unsw,DeepMLP,1048656,1,median,absolute,-0.0017068545023600258,0.27401792208353676
ids2018,unsw,DeepMLP,1048656,1,median,signed_descending,0.2621955037117005,-0.0016604185104370115
ids2018,unsw,DeepMLP,1048656,1,mean,absolute,0.0015456835428873702,0.3776608506838481
ids2018,unsw,DeepMLP,1048656,1,mean,signed_descending,0.1459539294242859,0.09311477343241374
ids2018,unsw,DeepMLP,1058443,1,median,absolute,-0.0009049733479817709,0.015596568584442139
ids2018,unsw,DeepMLP,1058443,1,median,signed_descending,0.010757152239481607,0.008845082918802897
ids2018,unsw,DeepMLP,1058443,1,mean,absolute,0.013003325462341309,0.28594680229822794
ids2018,unsw,DeepMLP,1058443,1,mean,signed_descending,0.4046964645385742,0.10052995284398396
ids2018,unsw,DeepMLP,1104934,0,median,absolute,0.0011288086573282877,0.057550756136576335
ids2018,unsw,DeepMLP,1104934,0,median,signed_descending,0.3420836806297302,0.0010231097539265951
ids2018,unsw,DeepMLP,1104934,0,mean,absolute,0.005431584517161052,0.431345256169637
ids2018,unsw,DeepMLP,1104934,0,mean,signed_descending,0.23623246749242147,0.024748249848683675
ids2018,unsw,DeepMLP,1236137,1,median,absolute,-0.030973748366038,-0.038655940691630045
ids2018,unsw,DeepMLP,1236137,1,median,signed_descending,0.34041015307108563,-0.04413546721140543
ids2018,unsw,DeepMLP,1236137,1,mean,absolute,0.14009268681208292,0.23674029111862183
ids2018,unsw,DeepMLP,1236137,1,mean,signed_descending,0.8829491337140402,0.052122910817464195
ids2018,unsw,DeepMLP,1245641,1,median,absolute,-0.3243309080600738,-0.3267777025699616
ids2018,unsw,DeepMLP,1245641,1,median,signed_descending,0.39786683320999144,-0.4201483130455017
ids2018,unsw,DeepMLP,1245641,1,mean,absolute,-0.4881792724132537,0.10742383599281309
ids2018,unsw,DeepMLP,1245641,1,mean,signed_descending,0.1733030915260315,-0.3256197849909464
ids2018,unsw,DeepMLP,1423118,1,median,absolute,-0.00017911593119303382,0.023096779982248943
ids2018,unsw,DeepMLP,1423118,1,median,signed_descending,0.0015007813771565754,0.012274475892384847
ids2018,unsw,DeepMLP,1423118,1,mean,absolute,0.0008732279141743978,0.4262691775957743
ids2018,unsw,DeepMLP,1423118,1,mean,signed_descending,0.006419591108957926,0.11115794976552329
ids2018,unsw,DeepMLP,1476691,1,median,absolute,-0.0010916670163472495,0.015928983688354492
ids2018,unsw,DeepMLP,1476691,1,median,signed_descending,0.14860205252965292,0.004959158102671306
ids2018,unsw,DeepMLP,1476691,1,mean,absolute,0.014347044626871744,0.27271788120269774
ids2018,unsw,DeepMLP,1476691,1,mean,signed_descending,0.29818082253138223,0.071367347240448
ids2018,unsw,DeepMLP,1547898,1,median,absolute,-0.0013855775197347004,0.018408310413360596
ids2018,unsw,DeepMLP,1547898,1,median,signed_descending,0.0322353998819987,0.009187722206115724
ids2018,unsw,DeepMLP,1547898,1,mean,absolute,0.00436036189397176,0.3264075597127279
ids2018,unsw,DeepMLP,1547898,1,mean,signed_descending,0.09829601844151814,0.08090118964513143
ids2018,unsw,DeepMLP,1563527,0,median,absolute,0.004294721285502116,-0.03569335540135702
ids2018,unsw,DeepMLP,1563527,0,median,signed_descending,0.06089293956756592,-0.07694750626881917
ids2018,unsw,DeepMLP,1563527,0,mean,absolute,0.013115227222442627,0.24748533368110656
ids2018,unsw,DeepMLP,1563527,0,mean,signed_descending,0.03712679942448934,0.13157665332158405
ids2018,unsw,DeepMLP,1849062,1,median,absolute,-0.05616065661112466,-0.020452439785003662
ids2018,unsw,DeepMLP,1849062,1,median,signed_descending,0.3092329422632853,-0.028702704111735023
ids2018,unsw,DeepMLP,1849062,1,mean,absolute,-0.0005172808965047265,0.3264634807904561
ids2018,unsw,DeepMLP,1849062,1,mean,signed_descending,0.6679659048716228,0.055870890617370605
ids2018,unsw,DeepMLP,1871037,0,median,absolute,0.03516384760538737,0.04890154600143432
ids2018,unsw,DeepMLP,1871037,0,median,signed_descending,0.8372857153415681,-0.00348891019821167
ids2018,unsw,DeepMLP,1871037,0,mean,absolute,0.08356932799021403,0.35704245169957477
ids2018,unsw,DeepMLP,1871037,0,mean,signed_descending,0.7687033613522848,0.0034417311350504556
ids2018,unsw,DeepMLP,1942006,1,median,absolute,-0.001038694381713867,0.031188972791035968
ids2018,unsw,DeepMLP,1942006,1,median,signed_descending,0.019227254390716552,0.004722011089324951
ids2018,unsw,DeepMLP,1942006,1,mean,absolute,-0.0004905064900716146,0.32616114219029746
ids2018,unsw,DeepMLP,1942006,1,mean,signed_descending,0.04759334723154704,0.054598116874694826
ids2018,unsw,DeepMLP,1971157,0,median,absolute,-0.006351971626281737,0.021554128328959143
ids2018,unsw,DeepMLP,1971157,0,median,signed_descending,0.8132818420728047,-0.07706947326660156
ids2018,unsw,DeepMLP,1971157,0,mean,absolute,0.04635739326477051,0.3874362786610921
ids2018,unsw,DeepMLP,1971157,0,mean,signed_descending,0.7687612891197203,-0.005982240041097005
ids2018,ids2018,DeepMLP,504154,1,median,absolute,-0.005631152788798014,0.017766412099202475
ids2018,ids2018,DeepMLP,504154,1,median,signed_descending,0.002958401044209798,-0.010641403992970784
ids2018,ids2018,DeepMLP,504154,1,mean,absolute,0.4354770004749298,0.150819989045461
ids2018,ids2018,DeepMLP,504154,1,mean,signed_descending,0.6765693724155426,0.13772299687067668
ids2018,ids2018,DeepMLP,526672,0,median,absolute,0.0254197359085083,0.0031177322069803875
ids2018,ids2018,DeepMLP,526672,0,median,signed_descending,0.04011936982472738,-0.03861412207285563
ids2018,ids2018,DeepMLP,526672,0,mean,absolute,0.01017920176188151,0.3063339332739512
ids2018,ids2018,DeepMLP,526672,0,mean,signed_descending,0.018276997407277427,0.17485361099243166
ids2018,ids2018,DeepMLP,863548,1,median,absolute,-0.012152715524037678,0.9820706009864807
ids2018,ids2018,DeepMLP,863548,1,median,signed_descending,0.01993002494176229,0.9739982008934022
ids2018,ids2018,DeepMLP,863548,1,mean,absolute,-0.004842694600423177,0.8169538974761963
ids2018,ids2018,DeepMLP,863548,1,mean,signed_descending,0.09336470762888589,0.32618240118026737
ids2018,ids2018,DeepMLP,1247706,1,median,absolute,0.02404372294743855,0.9416443626085917
ids2018,ids2018,DeepMLP,1247706,1,median,signed_descending,0.0815751870473226,0.9087785879770914
ids2018,ids2018,DeepMLP,1247706,1,mean,absolute,-0.0267549196879069,0.4656074404716492
ids2018,ids2018,DeepMLP,1247706,1,mean,signed_descending,0.008571656545003256,0.3263574560483297
ids2018,ids2018,DeepMLP,3202532,0,median,absolute,-0.003667151927947998,0.007255172729492187
ids2018,ids2018,DeepMLP,3202532,0,median,signed_descending,-0.003851417700449626,0.007537547747294108
ids2018,ids2018,DeepMLP,3202532,0,mean,absolute,0.10331413348515828,0.17954062620798747
ids2018,ids2018,DeepMLP,3202532,0,mean,signed_descending,0.16236125230789186,0.1820339560508728
ids2018,ids2018,DeepMLP,3228906,0,median,absolute,0.024036133289337163,0.10504585107167562
ids2018,ids2018,DeepMLP,3228906,0,median,signed_descending,0.031584795316060385,-0.03349732160568237
ids2018,ids2018,DeepMLP,3228906,0,mean,absolute,0.017306625843048096,0.36698550780614214
ids2018,ids2018,DeepMLP,3228906,0,mean,signed_descending,0.01746757825215657,0.17872280677159627
ids2018,ids2018,DeepMLP,5124375,0,median,absolute,-0.03807776769002278,0.027806019783020015
ids2018,ids2018,DeepMLP,5124375,0,median,signed_descending,-0.024848560492197674,0.012020448843638102
ids2018,ids2018,DeepMLP,5124375,0,mean,absolute,0.030643069744110105,0.15807547569274902
ids2018,ids2018,DeepMLP,5124375,0,mean,signed_descending,0.17719673315684,0.16613089243570964
ids2018,ids2018,DeepMLP,5998673,1,median,absolute,0.4001227418581645,0.6049720327059428
ids2018,ids2018,DeepMLP,5998673,1,median,signed_descending,0.4647480885187784,0.5345218181610107
ids2018,ids2018,DeepMLP,5998673,1,mean,absolute,0.10632383426030478,0.09473812977472941
ids2018,ids2018,DeepMLP,5998673,1,mean,signed_descending,0.15893487930297853,0.0926371693611145
ids2018,ids2018,DeepMLP,6392601,0,median,absolute,0.018318772315979004,-0.0068444887797037765
ids2018,ids2018,DeepMLP,6392601,0,median,signed_descending,0.012653851509094238,-0.046982840696970625
ids2018,ids2018,DeepMLP,6392601,0,mean,absolute,0.005321518580118816,0.31158407727877296
ids2018,ids2018,DeepMLP,6392601,0,mean,signed_descending,0.0059156735738118485,0.18054957787195844
ids2018,ids2018,DeepMLP,8475280,1,median,absolute,0.0011586030324300131,0.9619581143061321
ids2018,ids2018,DeepMLP,8475280,1,median,signed_descending,0.00166092316309611,0.9601310133934021
ids2018,ids2018,DeepMLP,8475280,1,mean,absolute,-0.0011518001556396484,0.5463339328765869
ids2018,ids2018,DeepMLP,8475280,1,mean,signed_descending,-0.0002711534500122071,0.4199177980422974
ids2018,ids2018,DeepMLP,8535025,1,median,absolute,0.11513958374659221,0.7190072933832804
ids2018,ids2018,DeepMLP,8535025,1,median,signed_descending,0.23418552478154497,0.5382502953211467
ids2018,ids2018,DeepMLP,8535025,1,mean,absolute,0.017163240909576414,0.14999937216440837
ids2018,ids2018,DeepMLP,8535025,1,mean,signed_descending,0.042415897051493325,0.05229173898696899
ids2018,ids2018,DeepMLP,8632909,1,median,absolute,0.01647723913192749,0.9579158425331116
ids2018,ids2018,DeepMLP,8632909,1,median,signed_descending,0.025585611661275227,0.945323928197225
ids2018,ids2018,DeepMLP,8632909,1,mean,absolute,-0.0017067511876424156,0.5227570335070292
ids2018,ids2018,DeepMLP,8632909,1,mean,signed_descending,0.0017201781272888183,0.393195637067159
ids2018,ids2018,DeepMLP,9041050,1,median,absolute,-0.09388049443562825,0.9615739385286967
ids2018,ids2018,DeepMLP,9041050,1,median,signed_descending,-0.06651820341746012,0.9547534267107646
ids2018,ids2018,DeepMLP,9041050,1,mean,absolute,-0.0749922792116801,0.5375301400820414
ids2018,ids2018,DeepMLP,9041050,1,mean,signed_descending,-0.06063845952351888,0.40614555676778163
ids2018,ids2018,DeepMLP,9563273,0,median,absolute,0.015801175435384115,0.018124258518218993
ids2018,ids2018,DeepMLP,9563273,0,median,signed_descending,0.016571450233459472,-0.038730684916178384
ids2018,ids2018,DeepMLP,9563273,0,mean,absolute,0.009030743439992267,0.34194909930229184
ids2018,ids2018,DeepMLP,9563273,0,mean,signed_descending,0.008958359559377035,0.18508372704188028
ids2018,ids2018,DeepMLP,9850776,0,median,absolute,0.022251590092976888,0.03022325833638509
ids2018,ids2018,DeepMLP,9850776,0,median,signed_descending,0.03854598601659139,-0.0415966550509135
ids2018,ids2018,DeepMLP,9850776,0,mean,absolute,0.011031734943389894,0.34480166037877397
ids2018,ids2018,DeepMLP,9850776,0,mean,signed_descending,0.01592409610748291,0.16846944491068525
ids2018,ids2018,DeepMLP,13843066,0,median,absolute,-0.014025942484537762,-0.010908691088358562
ids2018,ids2018,DeepMLP,13843066,0,median,signed_descending,0.0356419285138448,-0.03870596488316854
ids2018,ids2018,DeepMLP,13843066,0,mean,absolute,-0.005987441539764403,0.28373372157414756
ids2018,ids2018,DeepMLP,13843066,0,mean,signed_descending,0.02124879360198974,0.1741836547851562
ids2018,ids2018,DeepMLP,15077162,0,median,absolute,-0.0025165677070617676,0.041002782185872395
ids2018,ids2018,DeepMLP,15077162,0,median,signed_descending,0.003019571304321289,0.01196037530899048
ids2018,ids2018,DeepMLP,15077162,0,mean,absolute,0.07119868993759156,0.1959596633911133
ids2018,ids2018,DeepMLP,15077162,0,mean,signed_descending,0.4276264508565267,0.16072232723236082
ids2018,ids2018,DeepMLP,15680092,1,median,absolute,0.504602054754893,0.6796622554461161
ids2018,ids2018,DeepMLP,15680092,1,median,signed_descending,0.663852349917094,0.21087897221247354
ids2018,ids2018,DeepMLP,15680092,1,mean,absolute,0.26031862099965414,0.43008637030919394
ids2018,ids2018,DeepMLP,15680092,1,mean,signed_descending,0.523308785756429,0.12488526900609336
ids2018,ids2018,DeepMLP,16435528,0,median,absolute,0.019928987820943198,0.02619036436080933
ids2018,ids2018,DeepMLP,16435528,0,median,signed_descending,0.029380802313486738,-0.0355938196182251
ids2018,ids2018,DeepMLP,16435528,0,mean,absolute,0.009987239042917886,0.3467762390772502
ids2018,ids2018,DeepMLP,16435528,0,mean,signed_descending,0.013178539276123046,0.1821033318837484
ids2018,ids2018,DeepMLP,16716642,1,median,absolute,0.20603198210398355,0.784539008140564
ids2018,ids2018,DeepMLP,16716642,1,median,signed_descending,0.5279218872388204,0.5053801854451497
ids2018,ids2018,DeepMLP,16716642,1,mean,absolute,0.038092593351999916,0.14978230396906536
ids2018,ids2018,DeepMLP,16716642,1,mean,signed_descending,0.15080928802490234,0.013649535179138183
ids2018,unsw,FeatureCNN,181574,0,median,absolute,-0.023134946823120117,0.18411428531010945
ids2018,unsw,FeatureCNN,181574,0,median,signed_descending,0.046613339583079026,-0.04296649694442748
ids2018,unsw,FeatureCNN,181574,0,mean,absolute,-0.00018747647603352836,0.5357453862826029
ids2018,unsw,FeatureCNN,181574,0,mean,signed_descending,0.02219788630803426,0.035239899158477785
ids2018,unsw,FeatureCNN,187230,0,median,absolute,-0.08752074639002483,0.3722088217735291
ids2018,unsw,FeatureCNN,187230,0,median,signed_descending,0.0038892587025960317,-0.055880403518676756
ids2018,unsw,FeatureCNN,187230,0,mean,absolute,-0.03901087840398152,0.6431434412797291
ids2018,unsw,FeatureCNN,187230,0,mean,signed_descending,0.0037285248438517263,0.04706281820933025
ids2018,unsw,FeatureCNN,366286,0,median,absolute,0.0454798698425293,0.1650566339492798
ids2018,unsw,FeatureCNN,366286,0,median,signed_descending,0.67713436683019,-0.025152305761973064
ids2018,unsw,FeatureCNN,366286,0,mean,absolute,0.14178777138392132,0.21107525428136187
ids2018,unsw,FeatureCNN,366286,0,mean,signed_descending,0.6668217301368714,-0.019120546181996663
ids2018,unsw,FeatureCNN,427982,0,median,absolute,-0.01344624360402425,0.09054579337437947
ids2018,unsw,FeatureCNN,427982,0,median,signed_descending,0.2016329248746236,-0.0006882389386494956
ids2018,unsw,FeatureCNN,427982,0,mean,absolute,0.004538146654764811,0.23398108482360838
ids2018,unsw,FeatureCNN,427982,0,mean,signed_descending,0.10526178280512492,0.010313332080841066
ids2018,unsw,FeatureCNN,553221,0,median,absolute,-0.14074649016062418,0.44055362542470294
ids2018,unsw,FeatureCNN,553221,0,median,signed_descending,-0.06085677941640218,-0.04582497278849284
ids2018,unsw,FeatureCNN,553221,0,mean,absolute,-0.049289584159851074,0.6591778337955475
ids2018,unsw,FeatureCNN,553221,0,mean,signed_descending,-0.014801136652628583,0.0442659060160319
ids2018,unsw,FeatureCNN,664579,0,median,absolute,-0.040952487786610925,0.1292254090309143
ids2018,unsw,FeatureCNN,664579,0,median,signed_descending,0.026169212659200036,-0.04186662038167318
ids2018,unsw,FeatureCNN,664579,0,mean,absolute,-0.010254987080891927,0.5601903617382049
ids2018,unsw,FeatureCNN,664579,0,mean,signed_descending,0.010285572210947674,0.044810203711191814
ids2018,unsw,FeatureCNN,1028022,1,median,absolute,-0.03425472180048625,-0.011144383748372394
ids2018,unsw,FeatureCNN,1028022,1,median,signed_descending,0.11759965419769287,-0.018204899628957112
ids2018,unsw,FeatureCNN,1028022,1,mean,absolute,0.10002890427907309,0.004006604353586833
ids2018,unsw,FeatureCNN,1028022,1,mean,signed_descending,0.07356190284093221,0.018551878134409585
ids2018,unsw,FeatureCNN,1048656,1,median,absolute,0.08340363899866739,0.07743931611378987
ids2018,unsw,FeatureCNN,1048656,1,median,signed_descending,0.30675315459569297,0.0002798159917195638
ids2018,unsw,FeatureCNN,1048656,1,mean,absolute,0.19426427880922956,0.1395608345667521
ids2018,unsw,FeatureCNN,1048656,1,mean,signed_descending,0.16308876276016235,0.0242195725440979
ids2018,unsw,FeatureCNN,1058443,1,median,absolute,-0.00046119292577107745,0.048918259143829336
ids2018,unsw,FeatureCNN,1058443,1,median,signed_descending,0.0019525925318400065,0.005080759525299072
ids2018,unsw,FeatureCNN,1058443,1,mean,absolute,0.005146598815917968,0.290921155611674
ids2018,unsw,FeatureCNN,1058443,1,mean,signed_descending,0.21796149015426636,0.007576640446980794
ids2018,unsw,FeatureCNN,1104934,0,median,absolute,0.5204480489095051,0.04200990597407023
ids2018,unsw,FeatureCNN,1104934,0,median,signed_descending,0.9246841430664062,-0.09754402637481689
ids2018,unsw,FeatureCNN,1104934,0,mean,absolute,0.5387872378031412,0.12736391226450602
ids2018,unsw,FeatureCNN,1104934,0,mean,signed_descending,0.9175588965415956,-0.0959481914838155
ids2018,unsw,FeatureCNN,1236137,1,median,absolute,-0.004182287057240805,0.05305829842885335
ids2018,unsw,FeatureCNN,1236137,1,median,signed_descending,0.01410499413808187,0.0024347821871439617
ids2018,unsw,FeatureCNN,1236137,1,mean,absolute,0.02823516527811686,0.3155409653981527
ids2018,unsw,FeatureCNN,1236137,1,mean,signed_descending,0.5935936609903971,0.006308249632517498
ids2018,unsw,FeatureCNN,1245641,1,median,absolute,-0.022989590962727863,0.04689956108729045
ids2018,unsw,FeatureCNN,1245641,1,median,signed_descending,0.28375712235768635,-0.020264557997385663
ids2018,unsw,FeatureCNN,1245641,1,mean,absolute,-0.0865666349728902,0.2979284246762593
ids2018,unsw,FeatureCNN,1245641,1,mean,signed_descending,0.4783039490381877,-0.016547850767771405
ids2018,unsw,FeatureCNN,1423118,1,median,absolute,-5.2193800608317055e-05,0.08156762520472209
ids2018,unsw,FeatureCNN,1423118,1,median,signed_descending,0.00012205044428507487,0.0048477570215860995
ids2018,unsw,FeatureCNN,1423118,1,mean,absolute,0.00021175543467203775,0.3737726291020711
ids2018,unsw,FeatureCNN,1423118,1,mean,signed_descending,0.004236853122711181,0.008130534489949545
ids2018,unsw,FeatureCNN,1476691,1,median,absolute,0.06359125773111979,0.10673743486404419
ids2018,unsw,FeatureCNN,1476691,1,median,signed_descending,0.6040022253990173,-0.011722675959269206
ids2018,unsw,FeatureCNN,1476691,1,mean,absolute,0.2037855585416158,0.2389064828554789
ids2018,unsw,FeatureCNN,1476691,1,mean,signed_descending,0.7383914510409036,-0.009003015359242758
ids2018,unsw,FeatureCNN,1547898,1,median,absolute,0.014533889293670653,0.02228558858235677
ids2018,unsw,FeatureCNN,1547898,1,median,signed_descending,0.06133098204930623,0.000774677594502767
ids2018,unsw,FeatureCNN,1547898,1,mean,absolute,0.07550668319066366,0.14219603538513184
ids2018,unsw,FeatureCNN,1547898,1,mean,signed_descending,0.2663278222084045,0.0031752983729044595
ids2018,unsw,FeatureCNN,1563527,0,median,absolute,-0.023236135641733806,0.22708060344060263
ids2018,unsw,FeatureCNN,1563527,0,median,signed_descending,0.027759603659311932,-0.03807003498077393
ids2018,unsw,FeatureCNN,1563527,0,mean,absolute,-0.00716770887374878,0.5710402508576712
ids2018,unsw,FeatureCNN,1563527,0,mean,signed_descending,0.011359524726867678,0.05653516451517741
ids2018,unsw,FeatureCNN,1849062,1,median,absolute,-0.0026939471562703447,0.18862607479095458
ids2018,unsw,FeatureCNN,1849062,1,median,signed_descending,0.027292374769846597,0.0031018217404683427
ids2018,unsw,FeatureCNN,1849062,1,mean,absolute,0.009667627016703288,0.4912266135215759
ids2018,unsw,FeatureCNN,1849062,1,mean,signed_descending,0.5334132631619771,0.006534032026926676
ids2018,unsw,FeatureCNN,1871037,0,median,absolute,0.4986523509025574,-0.03245574831962585
ids2018,unsw,FeatureCNN,1871037,0,median,signed_descending,0.8985325018564859,-0.17208423217137656
ids2018,unsw,FeatureCNN,1871037,0,mean,absolute,0.5318836172421774,0.05309784809748332
ids2018,unsw,FeatureCNN,1871037,0,mean,signed_descending,0.8813131928443908,-0.17006709973017375
ids2018,unsw,FeatureCNN,1942006,1,median,absolute,0.31473842461903895,-0.07287617524464925
ids2018,unsw,FeatureCNN,1942006,1,median,signed_descending,0.5450498739878337,-0.10086858669916789
ids2018,unsw,FeatureCNN,1942006,1,mean,absolute,0.3987438678741455,0.05488075415293376
ids2018,unsw,FeatureCNN,1942006,1,mean,signed_descending,0.5684171160062155,-0.09914662837982179
ids2018,unsw,FeatureCNN,1971157,0,median,absolute,0.02910511096318563,0.16845417420069375
ids2018,unsw,FeatureCNN,1971157,0,median,signed_descending,0.5487013181050618,-0.02403034766515096
ids2018,unsw,FeatureCNN,1971157,0,mean,absolute,0.07178146044413249,0.23606739044189454
ids2018,unsw,FeatureCNN,1971157,0,mean,signed_descending,0.48913648525873826,-0.012789305051167805
ids2018,ids2018,FeatureCNN,504154,1,median,absolute,-0.3610960463682811,-0.05569330056508382
ids2018,ids2018,FeatureCNN,504154,1,median,signed_descending,-0.3012731770674388,-0.1296356797218323
ids2018,ids2018,FeatureCNN,504154,1,mean,absolute,-0.18189159234364827,0.026806318759918218
ids2018,ids2018,FeatureCNN,504154,1,mean,signed_descending,-0.026210510730743413,-0.11875690619150797
ids2018,ids2018,FeatureCNN,526672,0,median,absolute,-0.014907312393188479,0.18877140680948892
ids2018,ids2018,FeatureCNN,526672,0,median,signed_descending,0.1416869640350342,-0.032601861159006755
ids2018,ids2018,FeatureCNN,526672,0,mean,absolute,-0.008305970827738443,0.5837514519691468
ids2018,ids2018,FeatureCNN,526672,0,mean,signed_descending,0.056035443147023516,0.04882931709289551
ids2018,ids2018,FeatureCNN,863548,1,median,absolute,-0.0021665453910827636,0.9830791910489399
ids2018,ids2018,FeatureCNN,863548,1,median,signed_descending,-0.0021652738253275555,0.9672857840855915
ids2018,ids2018,FeatureCNN,863548,1,mean,absolute,-0.0010081211725870766,0.9679828723271688
ids2018,ids2018,FeatureCNN,863548,1,mean,signed_descending,-0.0008135437965393066,0.5252276301383972
ids2018,ids2018,FeatureCNN,1247706,1,median,absolute,-0.00224304993947347,0.9356409668922424
ids2018,ids2018,FeatureCNN,1247706,1,median,signed_descending,0.003524422645568849,0.9166044036547344
ids2018,ids2018,FeatureCNN,1247706,1,mean,absolute,0.00037939151128133143,0.7523903608322143
ids2018,ids2018,FeatureCNN,1247706,1,mean,signed_descending,0.021784762541453045,0.507240128517151
ids2018,ids2018,FeatureCNN,3202532,0,median,absolute,-0.009783776601155598,0.0258968710899353
ids2018,ids2018,FeatureCNN,3202532,0,median,signed_descending,-0.009936789671579996,0.002593541145324707
ids2018,ids2018,FeatureCNN,3202532,0,mean,absolute,-0.019079713026682533,0.06087665160497029
ids2018,ids2018,FeatureCNN,3202532,0,mean,signed_descending,-0.004732441902160642,0.012431780497233072
ids2018,ids2018,FeatureCNN,3228906,0,median,absolute,-0.04260478814442953,0.3126173098882039
ids2018,ids2018,FeatureCNN,3228906,0,median,signed_descending,0.03739952643712361,-0.028940844535827636
ids2018,ids2018,FeatureCNN,3228906,0,mean,absolute,-0.012152926127115887,0.5675228913625081
ids2018,ids2018,FeatureCNN,3228906,0,mean,signed_descending,0.012076377868652344,0.06149557034174602
ids2018,ids2018,FeatureCNN,5124375,0,median,absolute,-0.04265235662460326,-0.031705248355865474
ids2018,ids2018,FeatureCNN,5124375,0,median,signed_descending,0.19778043429056802,-0.0307969331741333
ids2018,ids2018,FeatureCNN,5124375,0,mean,absolute,-0.04102681875228884,-0.025890314579010008
ids2018,ids2018,FeatureCNN,5124375,0,mean,signed_descending,0.23807310263315842,-0.02235559622446696
ids2018,ids2018,FeatureCNN,5998673,1,median,absolute,0.19950371980667114,0.3938125729560851
ids2018,ids2018,FeatureCNN,5998673,1,median,signed_descending,0.31014581123987833,0.30504176616668705
ids2018,ids2018,FeatureCNN,5998673,1,mean,absolute,0.16048025290171306,0.21359244187672935
ids2018,ids2018,FeatureCNN,5998673,1,mean,signed_descending,0.2629712780316671,0.17629584074020385
ids2018,ids2018,FeatureCNN,6392601,0,median,absolute,-0.03388560612996419,0.43366657495498656
ids2018,ids2018,FeatureCNN,6392601,0,median,signed_descending,0.022154088815053305,-0.03368930021921794
ids2018,ids2018,FeatureCNN,6392601,0,mean,absolute,-0.02041112979253133,0.5844792246818543
ids2018,ids2018,FeatureCNN,6392601,0,mean,signed_descending,0.004485221703847251,0.03356864054997762
ids2018,ids2018,FeatureCNN,8475280,1,median,absolute,-0.0008603175481160483,0.9484486659367879
ids2018,ids2018,FeatureCNN,8475280,1,median,signed_descending,-0.0006554603576660157,0.9476719617843629
ids2018,ids2018,FeatureCNN,8475280,1,mean,absolute,0.0008472482363382976,0.8323867400487264
ids2018,ids2018,FeatureCNN,8475280,1,mean,signed_descending,0.001482824484507243,0.7008269667625427
ids2018,ids2018,FeatureCNN,8535025,1,median,absolute,0.2794588804244995,0.5213481863339742
ids2018,ids2018,FeatureCNN,8535025,1,median,signed_descending,0.3349002083142598,0.3083301305770874
ids2018,ids2018,FeatureCNN,8535025,1,mean,absolute,0.2736268997192383,0.23854914903640745
ids2018,ids2018,FeatureCNN,8535025,1,mean,signed_descending,0.33207900524139405,0.17576619386672973
ids2018,ids2018,FeatureCNN,8632909,1,median,absolute,-0.0005579670270284017,0.9499199390411377
ids2018,ids2018,FeatureCNN,8632909,1,median,signed_descending,-0.00039058923721313477,0.8746466239293417
ids2018,ids2018,FeatureCNN,8632909,1,mean,absolute,0.00034179290135701496,0.8439917047818501
ids2018,ids2018,FeatureCNN,8632909,1,mean,signed_descending,0.0012996753056844076,0.6088031093279521
ids2018,ids2018,FeatureCNN,9041050,1,median,absolute,-0.029619506994883218,0.9360713561375936
ids2018,ids2018,FeatureCNN,9041050,1,median,signed_descending,-0.012246843179066979,0.883232855796814
ids2018,ids2018,FeatureCNN,9041050,1,mean,absolute,-0.0047158837318420415,0.8092912634213766
ids2018,ids2018,FeatureCNN,9041050,1,mean,signed_descending,0.0039040287335713694,0.5935425758361818
ids2018,ids2018,FeatureCNN,9563273,0,median,absolute,-0.01697396437327067,0.2963969667752584
ids2018,ids2018,FeatureCNN,9563273,0,median,signed_descending,0.02504179875055949,-0.0323814868927002
ids2018,ids2018,FeatureCNN,9563273,0,mean,absolute,-0.010748008886973063,0.6102610170841217
ids2018,ids2018,FeatureCNN,9563273,0,mean,signed_descending,0.0034064650535583496,0.06980087359746297
ids2018,ids2018,FeatureCNN,9850776,0,median,absolute,-0.03614089886347453,0.36075400908788047
ids2018,ids2018,FeatureCNN,9850776,0,median,signed_descending,0.019565860430399578,-0.028582290808359778
ids2018,ids2018,FeatureCNN,9850776,0,mean,absolute,-0.02056820789972941,0.637381120522817
ids2018,ids2018,FeatureCNN,9850776,0,mean,signed_descending,0.0013953963915506993,0.035250596205393475
ids2018,ids2018,FeatureCNN,13843066,0,median,absolute,-0.03551400105158488,0.37711726029713954
ids2018,ids2018,FeatureCNN,13843066,0,median,signed_descending,0.06807914574941,-0.023067283630371093
ids2018,ids2018,FeatureCNN,13843066,0,mean,absolute,-0.020081889629364014,0.5845010956128438
ids2018,ids2018,FeatureCNN,13843066,0,mean,signed_descending,0.014074838161468503,0.08124255736668905
ids2018,ids2018,FeatureCNN,15077162,0,median,absolute,0.007263922691345215,0.003898918628692627
ids2018,ids2018,FeatureCNN,15077162,0,median,signed_descending,0.005401440461476645,0.003952244917551677
ids2018,ids2018,FeatureCNN,15077162,0,mean,absolute,0.13063471317291261,0.011029529571533204
ids2018,ids2018,FeatureCNN,15077162,0,mean,signed_descending,0.28855733474095663,0.011815746625264486
ids2018,ids2018,FeatureCNN,15680092,1,median,absolute,-0.025069570541381838,0.5691185673077901
ids2018,ids2018,FeatureCNN,15680092,1,median,signed_descending,-0.018419488271077474,0.19020434617996215
ids2018,ids2018,FeatureCNN,15680092,1,mean,absolute,-0.011496051152547199,0.29489022095998124
ids2018,ids2018,FeatureCNN,15680092,1,mean,signed_descending,-0.009560275077819822,0.1741735776265462
ids2018,ids2018,FeatureCNN,16435528,0,median,absolute,-0.01916406551996867,0.46150179306666056
ids2018,ids2018,FeatureCNN,16435528,0,median,signed_descending,0.047125279903411865,-0.029628936449686685
ids2018,ids2018,FeatureCNN,16435528,0,mean,absolute,-0.01761309305826823,0.6667449394861857
ids2018,ids2018,FeatureCNN,16435528,0,mean,signed_descending,0.007652012507120769,0.05290773312250773
ids2018,ids2018,FeatureCNN,16716642,1,median,absolute,0.11568689346313477,0.5716224908828735
ids2018,ids2018,FeatureCNN,16716642,1,median,signed_descending,0.29544678131739305,0.2853767196337382
ids2018,ids2018,FeatureCNN,16716642,1,mean,absolute,0.13723706404368083,0.2614604632059733
ids2018,ids2018,FeatureCNN,16716642,1,mean,signed_descending,0.3119377772013346,0.17578363418579102
ids2018,unsw,RandomForest,181574,0,median,absolute,-0.05232284182635175,0.11846094922381244
ids2018,unsw,RandomForest,181574,0,median,signed_descending,-0.028248143803066728,0.009281198698061256
ids2018,unsw,RandomForest,181574,0,mean,absolute,-0.01236961854165135,0.09881458531565518
ids2018,unsw,RandomForest,181574,0,mean,signed_descending,0.012711706738735914,0.08314658143313237
ids2018,unsw,RandomForest,187230,0,median,absolute,-0.030705084433449326,0.10704586899144754
ids2018,unsw,RandomForest,187230,0,median,signed_descending,-0.024695310191607433,-0.0002169727494476524
ids2018,unsw,RandomForest,187230,0,mean,absolute,0.003962179796142498,0.08665503200618534
ids2018,unsw,RandomForest,187230,0,mean,signed_descending,0.010813664655972643,0.06716863134115746
ids2018,unsw,RandomForest,366286,0,median,absolute,-0.04084062421949087,-0.18723416988343042
ids2018,unsw,RandomForest,366286,0,median,signed_descending,-0.004325722685111624,-0.1898007757063397
ids2018,unsw,RandomForest,366286,0,mean,absolute,-0.022214579616010716,-0.12088404164523325
ids2018,unsw,RandomForest,366286,0,mean,signed_descending,0.013687808564182925,-0.12846354424558457
ids2018,unsw,RandomForest,427982,0,median,absolute,0.03795584620982054,-0.09415175821283528
ids2018,unsw,RandomForest,427982,0,median,signed_descending,0.0477272294764323,-0.103832267944219
ids2018,unsw,RandomForest,427982,0,mean,absolute,0.0005692720100457151,-2.639404239361774e-05
ids2018,unsw,RandomForest,427982,0,mean,signed_descending,0.012678037283396122,-0.011693220590305885
ids2018,unsw,RandomForest,553221,0,median,absolute,-0.03715122664520177,0.09044707387795299
ids2018,unsw,RandomForest,553221,0,median,signed_descending,-0.040136747755042425,-0.009399271317324542
ids2018,unsw,RandomForest,553221,0,mean,absolute,0.014241838237324509,0.07424369872870967
ids2018,unsw,RandomForest,553221,0,mean,signed_descending,0.025906179221507397,0.0585223687328652
ids2018,unsw,RandomForest,664579,0,median,absolute,-0.013342589609187378,0.1253574580221574
ids2018,unsw,RandomForest,664579,0,median,signed_descending,-0.02588711794206444,0.01759601286085664
ids2018,unsw,RandomForest,664579,0,mean,absolute,-0.021822266024693098,0.116161676803461
ids2018,unsw,RandomForest,664579,0,mean,signed_descending,-0.004168349795535935,0.08681452455318524
ids2018,unsw,RandomForest,1028022,1,median,absolute,0.005280826111117576,-0.09104158751995088
ids2018,unsw,RandomForest,1028022,1,median,signed_descending,0.0034995340131371996,-0.17887774589153396
ids2018,unsw,RandomForest,1028022,1,mean,absolute,0.006485693823737011,-0.07549645384397351
ids2018,unsw,RandomForest,1028022,1,mean,signed_descending,0.013969521475818586,-0.0836433286066226
ids2018,unsw,RandomForest,1048656,1,median,absolute,0.0014862341671190167,-0.029024417023548632
ids2018,unsw,RandomForest,1048656,1,median,signed_descending,0.006218466996162701,-0.06452000341725335
ids2018,unsw,RandomForest,1048656,1,mean,absolute,-0.03821852063458913,0.0024583084552717957
ids2018,unsw,RandomForest,1048656,1,mean,signed_descending,-0.03228000298682578,0.005205156850072989
ids2018,unsw,RandomForest,1058443,1,median,absolute,-0.00994454729852426,-0.030592314657869626
ids2018,unsw,RandomForest,1058443,1,median,signed_descending,-0.009944547298524113,-0.030592314657869477
ids2018,unsw,RandomForest,1058443,1,mean,absolute,0.01831513383897434,0.0754040664437884
ids2018,unsw,RandomForest,1058443,1,mean,signed_descending,0.018315133838974307,0.0754040664437884
ids2018,unsw,RandomForest,1104934,0,median,absolute,0.0012211377712799006,-0.1472440738306152
ids2018,unsw,RandomForest,1104934,0,median,signed_descending,0.04698751534244348,-0.160825251070956
ids2018,unsw,RandomForest,1104934,0,mean,absolute,-0.01729404893626285,-0.10279420761136578
ids2018,unsw,RandomForest,1104934,0,mean,signed_descending,0.024979049484044086,-0.10569927523427636
ids2018,unsw,RandomForest,1236137,1,median,absolute,0.01670762695348483,-0.004129689214985577
ids2018,unsw,RandomForest,1236137,1,median,signed_descending,0.01670762695348483,-0.004129689214985577
ids2018,unsw,RandomForest,1236137,1,mean,absolute,0.061005491344485824,0.0829303075231737
ids2018,unsw,RandomForest,1236137,1,mean,signed_descending,0.061005491344485824,0.08293030752317368
ids2018,unsw,RandomForest,1245641,1,median,absolute,0.1010388610062435,-0.12586564183986976
ids2018,unsw,RandomForest,1245641,1,median,signed_descending,0.07303363794684693,-0.13431051715608763
ids2018,unsw,RandomForest,1245641,1,mean,absolute,0.07107204816571906,-0.015701891210703024
ids2018,unsw,RandomForest,1245641,1,mean,signed_descending,0.03879075126495251,-0.037465590888011414
ids2018,unsw,RandomForest,1423118,1,median,absolute,0.012642223677931547,0.06189467350112138
ids2018,unsw,RandomForest,1423118,1,median,signed_descending,0.012642223677931547,0.06189467350112138
ids2018,unsw,RandomForest,1423118,1,mean,absolute,0.005926259097630205,0.13016038262866075
ids2018,unsw,RandomForest,1423118,1,mean,signed_descending,0.005926259097630234,0.13016038262866078
ids2018,unsw,RandomForest,1476691,1,median,absolute,0.015413610802955757,-0.16572562459781823
ids2018,unsw,RandomForest,1476691,1,median,signed_descending,0.01652463408075425,-0.16566275113969484
ids2018,unsw,RandomForest,1476691,1,mean,absolute,0.009250204788370346,-0.0931182709473015
ids2018,unsw,RandomForest,1476691,1,mean,signed_descending,0.011947094800091158,-0.10178771991560799
ids2018,unsw,RandomForest,1547898,1,median,absolute,-0.006904437838676426,-0.156238977508823
ids2018,unsw,RandomForest,1547898,1,median,signed_descending,-0.005109441064444317,-0.15364001680478342
ids2018,unsw,RandomForest,1547898,1,mean,absolute,0.006247778191318249,-0.05015616422845165
ids2018,unsw,RandomForest,1547898,1,mean,signed_descending,0.007852679606570228,-0.05443471908700731
ids2018,unsw,RandomForest,1563527,0,median,absolute,0.0007715001199317985,0.12631514639620653
ids2018,unsw,RandomForest,1563527,0,median,signed_descending,0.053251653883396616,0.011186150341796722
ids2018,unsw,RandomForest,1563527,0,mean,absolute,0.009166628324890628,0.10466028657948874
ids2018,unsw,RandomForest,1563527,0,mean,signed_descending,0.04851087183229158,0.09201203956802784
ids2018,unsw,RandomForest,1849062,1,median,absolute,0.03042539583407831,0.04029353589245828
ids2018,unsw,RandomForest,1849062,1,median,signed_descending,0.030425395834078245,0.040293535892458314
ids2018,unsw,RandomForest,1849062,1,mean,absolute,0.07943017792536305,0.10891041568478059
ids2018,unsw,RandomForest,1849062,1,mean,signed_descending,0.07943017792536321,0.10891041568478066
ids2018,unsw,RandomForest,1871037,0,median,absolute,0.006961988857660196,-0.05046477329301755
ids2018,unsw,RandomForest,1871037,0,median,signed_descending,0.025791250912343296,-0.06639795865598433
ids2018,unsw,RandomForest,1871037,0,mean,absolute,0.0161220494573395,0.046419329221040334
ids2018,unsw,RandomForest,1871037,0,mean,signed_descending,0.06236130197432188,0.0013647057393259077
ids2018,unsw,RandomForest,1942006,1,median,absolute,0.0383103395426928,-0.17832050766939625
ids2018,unsw,RandomForest,1942006,1,median,signed_descending,0.03371513827554536,-0.17521958502977672
ids2018,unsw,RandomForest,1942006,1,mean,absolute,0.023345774436702993,-0.07188133551687045
ids2018,unsw,RandomForest,1942006,1,mean,signed_descending,0.028916742907786758,-0.09423751420102477
ids2018,unsw,RandomForest,1971157,0,median,absolute,-0.015580931950458917,-0.08976553043032615
ids2018,unsw,RandomForest,1971157,0,median,signed_descending,-0.004485563482296548,-0.11478216176381012
ids2018,unsw,RandomForest,1971157,0,mean,absolute,0.012982069114119551,-0.024831999632345652
ids2018,unsw,RandomForest,1971157,0,mean,signed_descending,0.02848125199344993,-0.04496539551721857
ids2018,ids2018,RandomForest,504154,1,median,absolute,-0.010579574060474948,0.011171661148888241
ids2018,ids2018,RandomForest,504154,1,median,signed_descending,0.03660073264823139,-0.010280248253242868
ids2018,ids2018,RandomForest,504154,1,mean,absolute,-0.0028002502929453366,0.14419377273512748
ids2018,ids2018,RandomForest,504154,1,mean,signed_descending,0.05020876597508637,0.07311632185820387
ids2018,ids2018,RandomForest,526672,0,median,absolute,-0.03427506747220075,0.06682940213453037
ids2018,ids2018,RandomForest,526672,0,median,signed_descending,0.02604430841454579,-0.0502809954839446
ids2018,ids2018,RandomForest,526672,0,mean,absolute,0.006767828002627243,0.04163135992563033
ids2018,ids2018,RandomForest,526672,0,mean,signed_descending,0.023721342587334267,0.02410266321842174
ids2018,ids2018,RandomForest,863548,1,median,absolute,-0.04031478508435058,0.9024635576704384
ids2018,ids2018,RandomForest,863548,1,median,signed_descending,0.031260406634605525,0.894812066538527
ids2018,ids2018,RandomForest,863548,1,mean,absolute,-0.08849900012829838,0.8225360222044666
ids2018,ids2018,RandomForest,863548,1,mean,signed_descending,-0.014448631141386318,0.8086359887348279
ids2018,ids2018,RandomForest,1247706,1,median,absolute,0.012772919332672652,0.8795185571192556
ids2018,ids2018,RandomForest,1247706,1,median,signed_descending,-0.04348849883946717,0.8865976761113101
ids2018,ids2018,RandomForest,1247706,1,mean,absolute,-0.057971911708434826,0.7990427726257643
ids2018,ids2018,RandomForest,1247706,1,mean,signed_descending,-0.11953134774295719,0.7943569775678788
ids2018,ids2018,RandomForest,3202532,0,median,absolute,-0.014390788986809065,0.027709691858566976
ids2018,ids2018,RandomForest,3202532,0,median,signed_descending,-0.01413203380397504,0.028185283258898478
ids2018,ids2018,RandomForest,3202532,0,mean,absolute,-0.03626914237961528,0.1527270710866703
ids2018,ids2018,RandomForest,3202532,0,mean,signed_descending,-0.017143530170198224,0.0831394389919982
ids2018,ids2018,RandomForest,3228906,0,median,absolute,-0.07036910543716023,0.1332102954861687
ids2018,ids2018,RandomForest,3228906,0,median,signed_descending,0.011452435397487665,0.011843236596623438
ids2018,ids2018,RandomForest,3228906,0,mean,absolute,-0.01594717879269141,0.12164060207970105
ids2018,ids2018,RandomForest,3228906,0,mean,signed_descending,-0.004798294462626213,0.09843700102629264
ids2018,ids2018,RandomForest,5124375,0,median,absolute,-0.033292783133785704,0.01125304457431453
ids2018,ids2018,RandomForest,5124375,0,median,signed_descending,-0.03762322913301641,0.011964537755953623
ids2018,ids2018,RandomForest,5124375,0,mean,absolute,-0.02419283976665797,0.14168674989479066
ids2018,ids2018,RandomForest,5124375,0,mean,signed_descending,-0.011478938550035872,0.0700401541045577
ids2018,ids2018,RandomForest,5998673,1,median,absolute,-0.006291694284979291,0.8559639016995909
ids2018,ids2018,RandomForest,5998673,1,median,signed_descending,-0.0739313204865363,0.8651305687454292
ids2018,ids2018,RandomForest,5998673,1,mean,absolute,-0.019771612489616508,0.806544488654415
ids2018,ids2018,RandomForest,5998673,1,mean,signed_descending,-0.0962827719118165,0.80152367064139
ids2018,ids2018,RandomForest,6392601,0,median,absolute,0.008153013933342453,0.09672076787129143
ids2018,ids2018,RandomForest,6392601,0,median,signed_descending,0.015010931946386951,0.016120007991171272
ids2018,ids2018,RandomForest,6392601,0,mean,absolute,0.007354558712409883,0.09341780232592539
ids2018,ids2018,RandomForest,6392601,0,mean,signed_descending,0.0015799557567803383,0.0775359717480847
ids2018,ids2018,RandomForest,8475280,1,median,absolute,0.02547473309733056,0.9386534310604396
ids2018,ids2018,RandomForest,8475280,1,median,signed_descending,0.02547473309733056,0.9386534310604396
ids2018,ids2018,RandomForest,8475280,1,mean,absolute,0.004603924962633549,0.7976672278773401
ids2018,ids2018,RandomForest,8475280,1,mean,signed_descending,0.004603924962633549,0.7976672278773401
ids2018,ids2018,RandomForest,8535025,1,median,absolute,-0.09125590191846922,0.8747910516684908
ids2018,ids2018,RandomForest,8535025,1,median,signed_descending,-0.13459112359820188,0.8786620728324919
ids2018,ids2018,RandomForest,8535025,1,mean,absolute,-0.11945423161619222,0.8008203241428244
ids2018,ids2018,RandomForest,8535025,1,mean,signed_descending,-0.16481690018141684,0.7961390648747221
ids2018,ids2018,RandomForest,8632909,1,median,absolute,0.012886777822895568,0.8694342464695376
ids2018,ids2018,RandomForest,8632909,1,median,signed_descending,0.012886777822895592,0.8694342464695376
ids2018,ids2018,RandomForest,8632909,1,mean,absolute,-0.008434944423647318,0.7893491905616994
ids2018,ids2018,RandomForest,8632909,1,mean,signed_descending,-0.008434944423647318,0.7893491905616994
ids2018,ids2018,RandomForest,9041050,1,median,absolute,-0.004700676299144317,0.8801605860676478
ids2018,ids2018,RandomForest,9041050,1,median,signed_descending,-0.031684007021666384,0.8817944831016433
ids2018,ids2018,RandomForest,9041050,1,mean,absolute,-0.057738701491265566,0.7955196568935327
ids2018,ids2018,RandomForest,9041050,1,mean,signed_descending,-0.08801192760221731,0.7957579426600169
ids2018,ids2018,RandomForest,9563273,0,median,absolute,-0.015509378419519798,0.11878101842499544
ids2018,ids2018,RandomForest,9563273,0,median,signed_descending,-0.009844917063043841,0.013073231018908569
ids2018,ids2018,RandomForest,9563273,0,mean,absolute,0.017512440301774197,0.09540096353787354
ids2018,ids2018,RandomForest,9563273,0,mean,signed_descending,0.02647622440908837,0.07722001867884126
ids2018,ids2018,RandomForest,9850776,0,median,absolute,-0.0023075782749355455,0.11186149795266766
ids2018,ids2018,RandomForest,9850776,0,median,signed_descending,0.03220977328057394,0.002093882402610251
ids2018,ids2018,RandomForest,9850776,0,mean,absolute,0.002831272511707488,0.09242798648415267
ids2018,ids2018,RandomForest,9850776,0,mean,signed_descending,0.01481634984771926,0.07091071724356209
ids2018,ids2018,RandomForest,13843066,0,median,absolute,-0.02123217911045581,0.13049285471294245
ids2018,ids2018,RandomForest,13843066,0,median,signed_descending,-0.02987852805006422,0.04309620638881117
ids2018,ids2018,RandomForest,13843066,0,mean,absolute,-0.032334366223654806,0.12518276902953454
ids2018,ids2018,RandomForest,13843066,0,mean,signed_descending,-0.027274014187200338,0.11828864679529709
ids2018,ids2018,RandomForest,15077162,0,median,absolute,-0.007525301112221435,0.05116132027889437
ids2018,ids2018,RandomForest,15077162,0,median,signed_descending,-0.011681892316060026,0.026192539143285037
ids2018,ids2018,RandomForest,15077162,0,mean,absolute,-0.0038880457349176265,0.16396259968081295
ids2018,ids2018,RandomForest,15077162,0,mean,signed_descending,0.014400588258917288,0.0900823538670718
ids2018,ids2018,RandomForest,15680092,1,median,absolute,0.1860711041156756,0.7142168296479107
ids2018,ids2018,RandomForest,15680092,1,median,signed_descending,0.1860711041156756,0.7142168296479104
ids2018,ids2018,RandomForest,15680092,1,mean,absolute,0.06556406304904563,0.6605280868661801
ids2018,ids2018,RandomForest,15680092,1,mean,signed_descending,0.06556406304904563,0.6605280868661801
ids2018,ids2018,RandomForest,16435528,0,median,absolute,-0.01004571208934832,0.12405085593877514
ids2018,ids2018,RandomForest,16435528,0,median,signed_descending,0.023498448202547415,0.016070043988313493
ids2018,ids2018,RandomForest,16435528,0,mean,absolute,-3.3790717481424946e-05,0.09850476011712539
ids2018,ids2018,RandomForest,16435528,0,mean,signed_descending,0.014789594658352714,0.08203998591034044
ids2018,ids2018,RandomForest,16716642,1,median,absolute,-0.014569757972659381,0.8643652570794833
ids2018,ids2018,RandomForest,16716642,1,median,signed_descending,-0.01456975797265942,0.8643652570794833
ids2018,ids2018,RandomForest,16716642,1,mean,absolute,-0.029311221702400952,0.7956293244999749
ids2018,ids2018,RandomForest,16716642,1,mean,signed_descending,-0.02931122170240093,0.7956293244999749
ids2018,unsw,ShallowMLP,181574,0,median,absolute,0.02523657878239949,0.3893378059069315
ids2018,unsw,ShallowMLP,181574,0,median,signed_descending,0.2764806111653646,-0.07892935673395793
ids2018,unsw,ShallowMLP,181574,0,mean,absolute,0.10012241999308269,0.4348847766717275
ids2018,unsw,ShallowMLP,181574,0,mean,signed_descending,0.1881753583749135,0.0703787664572398
ids2018,unsw,ShallowMLP,187230,0,median,absolute,-0.07851686080296834,0.28132352828979496
ids2018,unsw,ShallowMLP,187230,0,median,signed_descending,0.17752530376116435,-0.09785808324813842
ids2018,unsw,ShallowMLP,187230,0,mean,absolute,0.03834287325541178,0.3680645227432251
ids2018,unsw,ShallowMLP,187230,0,mean,signed_descending,0.15767109791437783,0.055744653940200804
ids2018,unsw,ShallowMLP,366286,0,median,absolute,-0.19324095249176024,0.48865083257357284
ids2018,unsw,ShallowMLP,366286,0,median,signed_descending,0.4592546065648397,-0.09387699762980144
ids2018,unsw,ShallowMLP,366286,0,mean,absolute,-0.11782393058141072,0.6286069830258687
ids2018,unsw,ShallowMLP,366286,0,mean,signed_descending,0.5115545193354288,-0.06120047171910605
ids2018,unsw,ShallowMLP,427982,0,median,absolute,-0.15020739833513896,0.4428202549616496
ids2018,unsw,ShallowMLP,427982,0,median,signed_descending,0.4400661687056224,-0.05240418116251627
ids2018,unsw,ShallowMLP,427982,0,mean,absolute,-0.10561732053756716,0.6854472955067953
ids2018,unsw,ShallowMLP,427982,0,mean,signed_descending,0.43017971913019815,0.03488812446594238
ids2018,unsw,ShallowMLP,553221,0,median,absolute,-0.0620810071627299,0.2027140816052755
ids2018,unsw,ShallowMLP,553221,0,median,signed_descending,0.14253042737642924,-0.08574976523717244
ids2018,unsw,ShallowMLP,553221,0,mean,absolute,0.055456789334615064,0.32795842885971066
ids2018,unsw,ShallowMLP,553221,0,mean,signed_descending,0.13643554051717124,0.04574255545934042
ids2018,unsw,ShallowMLP,664579,0,median,absolute,-0.04547904729843139,0.4114769379297892
ids2018,unsw,ShallowMLP,664579,0,median,signed_descending,0.22497500181198124,-0.0763798435529073
ids2018,unsw,ShallowMLP,664579,0,mean,absolute,0.05795968373616536,0.4628658413887024
ids2018,unsw,ShallowMLP,664579,0,mean,signed_descending,0.14674003918965658,0.0711077908674876
ids2018,unsw,ShallowMLP,1028022,1,median,absolute,-0.17866231203079222,0.6335830728212992
ids2018,unsw,ShallowMLP,1028022,1,median,signed_descending,0.4458354711532593,-0.2736518104871114
ids2018,unsw,ShallowMLP,1028022,1,mean,absolute,0.004498483737309766,0.5758673469225566
ids2018,unsw,ShallowMLP,1028022,1,mean,signed_descending,0.36619894504547124,-0.16886293093363444
ids2018,unsw,ShallowMLP,1048656,1,median,absolute,0.015309015909830729,0.6289342681566874
ids2018,unsw,ShallowMLP,1048656,1,median,signed_descending,0.4814174652099609,-0.023684807618459064
ids2018,unsw,ShallowMLP,1048656,1,mean,absolute,0.09021019935607912,0.5211071292559305
ids2018,unsw,ShallowMLP,1048656,1,mean,signed_descending,0.41176673173904427,0.06653718153635661
ids2018,unsw,ShallowMLP,1058443,1,median,absolute,-0.0014193097750345867,0.2150709708531698
ids2018,unsw,ShallowMLP,1058443,1,median,signed_descending,0.020660829544067384,0.007202847798665365
ids2018,unsw,ShallowMLP,1058443,1,mean,absolute,0.020992445945739745,0.3929908871650696
ids2018,unsw,ShallowMLP,1058443,1,mean,signed_descending,0.3017649451891581,0.028472864627838133
ids2018,unsw,ShallowMLP,1104934,0,median,absolute,-0.056643203894297285,0.4385790705680847
ids2018,unsw,ShallowMLP,1104934,0,median,signed_descending,0.4373485108216604,-0.03213077386220296
ids2018,unsw,ShallowMLP,1104934,0,mean,absolute,-0.12071965336799621,0.6267638444900513
ids2018,unsw,ShallowMLP,1104934,0,mean,signed_descending,0.31745615204175315,-0.013363107045491535
ids2018,unsw,ShallowMLP,1236137,1,median,absolute,-0.07782462040583292,0.16851777235666912
ids2018,unsw,ShallowMLP,1236137,1,median,signed_descending,0.27244649132092796,-0.11529589891433717
ids2018,unsw,ShallowMLP,1236137,1,mean,absolute,0.13767468134562175,0.42755087018013
ids2018,unsw,ShallowMLP,1236137,1,mean,signed_descending,0.7150345206260681,-0.0885113517443339
ids2018,unsw,ShallowMLP,1245641,1,median,absolute,0.21311992009480793,0.2805414120356242
ids2018,unsw,ShallowMLP,1245641,1,median,signed_descending,0.37852749029795324,-0.0290562351544698
ids2018,unsw,ShallowMLP,1245641,1,mean,absolute,0.19801691373189292,0.09358512957890829
ids2018,unsw,ShallowMLP,1245641,1,mean,signed_descending,0.7272386590639751,-0.4002225041389465
ids2018,unsw,ShallowMLP,1423118,1,median,absolute,-0.0004455407460530599,0.39025007883707685
ids2018,unsw,ShallowMLP,1423118,1,median,signed_descending,0.0022170623143514,0.0101972500483195
ids2018,unsw,ShallowMLP,1423118,1,mean,absolute,-0.000502769152323405,0.6173191706339519
ids2018,unsw,ShallowMLP,1423118,1,mean,signed_descending,0.05367707808812459,0.03321679035822551
ids2018,unsw,ShallowMLP,1476691,1,median,absolute,-0.009382820129394532,0.3687430779139201
ids2018,unsw,ShallowMLP,1476691,1,median,signed_descending,0.1842886090278625,-0.0009015878041585285
ids2018,unsw,ShallowMLP,1476691,1,mean,absolute,0.016513514518737792,0.5513344645500183
ids2018,unsw,ShallowMLP,1476691,1,mean,signed_descending,0.49845248858133956,0.019083023071289062
ids2018,unsw,ShallowMLP,1547898,1,median,absolute,-0.007646405696868895,0.1446240226427714
ids2018,unsw,ShallowMLP,1547898,1,median,signed_descending,0.09423813819885253,0.001545866330464681
ids2018,unsw,ShallowMLP,1547898,1,mean,absolute,0.0157953143119812,0.27325544754664105
ids2018,unsw,ShallowMLP,1547898,1,mean,signed_descending,0.4367910663286845,0.016998879114786786
ids2018,unsw,ShallowMLP,1563527,0,median,absolute,0.0006472349166870133,0.28946657180786134
ids2018,unsw,ShallowMLP,1563527,0,median,signed_descending,0.1892820119857788,-0.0699865182240804
ids2018,unsw,ShallowMLP,1563527,0,mean,absolute,0.06051994164784749,0.3717648029327392
ids2018,unsw,ShallowMLP,1563527,0,mean,signed_descending,0.1400197426478068,0.07282095948855082
ids2018,unsw,ShallowMLP,1849062,1,median,absolute,-0.0971239407857259,0.15228377978007
ids2018,unsw,ShallowMLP,1849062,1,median,signed_descending,0.21527360280354815,-0.09137499729792277
ids2018,unsw,ShallowMLP,1849062,1,mean,absolute,0.1434600512186686,0.2778733193874359
ids2018,unsw,ShallowMLP,1849062,1,mean,signed_descending,0.668153303861618,-0.07245066563288372
ids2018,unsw,ShallowMLP,1871037,0,median,absolute,-0.06050917704900107,0.3798263470331828
ids2018,unsw,ShallowMLP,1871037,0,median,signed_descending,0.7367700537045797,-0.06324270168940226
ids2018,unsw,ShallowMLP,1871037,0,mean,absolute,-0.04277204275131225,0.5046497782071432
ids2018,unsw,ShallowMLP,1871037,0,mean,signed_descending,0.6990424315134683,-0.029830070336659752
ids2018,unsw,ShallowMLP,1942006,1,median,absolute,-0.02416624625523885,0.19248732924461365
ids2018,unsw,ShallowMLP,1942006,1,median,signed_descending,0.04416881799697877,-0.009508800506591796
ids2018,unsw,ShallowMLP,1942006,1,mean,absolute,0.008406730492909749,0.37363168001174923
ids2018,unsw,ShallowMLP,1942006,1,mean,signed_descending,0.3818683584531148,0.00581820805867513
ids2018,unsw,ShallowMLP,1971157,0,median,absolute,-0.2485644002755483,0.30222482681274415
ids2018,unsw,ShallowMLP,1971157,0,median,signed_descending,0.660805900891622,-0.3984792908032735
ids2018,unsw,ShallowMLP,1971157,0,mean,absolute,-0.22743709484736127,0.4334794123967489
ids2018,unsw,ShallowMLP,1971157,0,mean,signed_descending,0.5697639743487041,-0.32610076665878296
ids2018,ids2018,ShallowMLP,504154,1,median,absolute,-0.12233096957206728,-0.3280931909879049
ids2018,ids2018,ShallowMLP,504154,1,median,signed_descending,0.11784950892130532,-0.3906943718592326
ids2018,ids2018,ShallowMLP,504154,1,mean,absolute,0.5006316542625427,-0.2509587367375692
ids2018,ids2018,ShallowMLP,504154,1,mean,signed_descending,0.6412907679875691,-0.3585955182711283
ids2018,ids2018,ShallowMLP,526672,0,median,absolute,0.19202443361282348,0.2803598483403524
ids2018,ids2018,ShallowMLP,526672,0,median,signed_descending,0.19546094338099163,-0.04139485756556193
ids2018,ids2018,ShallowMLP,526672,0,mean,absolute,0.12665062348047892,0.40685391426086426
ids2018,ids2018,ShallowMLP,526672,0,mean,signed_descending,0.12716214656829836,0.08963536620140077
ids2018,ids2018,ShallowMLP,863548,1,median,absolute,-0.00025120973587036124,0.9113723516464235
ids2018,ids2018,ShallowMLP,863548,1,median,signed_descending,0.004140333334604899,0.8517507712046305
ids2018,ids2018,ShallowMLP,863548,1,mean,absolute,-0.001808333396911621,0.8057523250579833
ids2018,ids2018,ShallowMLP,863548,1,mean,signed_descending,0.19760574102401737,0.059058590730031335
ids2018,ids2018,ShallowMLP,1247706,1,median,absolute,0.015833091735839844,0.7689959287643432
ids2018,ids2018,ShallowMLP,1247706,1,median,signed_descending,0.035315759976704914,0.7256890972455343
ids2018,ids2018,ShallowMLP,1247706,1,mean,absolute,-0.0023976802825927735,0.3809900244077047
ids2018,ids2018,ShallowMLP,1247706,1,mean,signed_descending,0.0037303924560546874,0.2310736020406087
ids2018,ids2018,ShallowMLP,3202532,0,median,absolute,0.026673293113708498,0.007501451174418132
ids2018,ids2018,ShallowMLP,3202532,0,median,signed_descending,0.05092668533325195,0.0027202407519022627
ids2018,ids2018,ShallowMLP,3202532,0,mean,absolute,0.272953204313914,0.06259199778238932
ids2018,ids2018,ShallowMLP,3202532,0,mean,signed_descending,0.4492475469907125,0.037697986761728926
ids2018,ids2018,ShallowMLP,3228906,0,median,absolute,0.23419486284255983,0.5071877320607503
ids2018,ids2018,ShallowMLP,3228906,0,median,signed_descending,0.34541642268498735,-0.04035780429840088
ids2018,ids2018,ShallowMLP,3228906,0,mean,absolute,0.200453774134318,0.49322904348373414
ids2018,ids2018,ShallowMLP,3228906,0,mean,signed_descending,0.201231054464976,0.07393386761347452
ids2018,ids2018,ShallowMLP,5124375,0,median,absolute,0.12861707806587222,-0.02196078300476074
ids2018,ids2018,ShallowMLP,5124375,0,median,signed_descending,0.1935788949330648,-0.027682209014892583
ids2018,ids2018,ShallowMLP,5124375,0,mean,absolute,0.4897188762823741,0.022199392318725586
ids2018,ids2018,ShallowMLP,5124375,0,mean,signed_descending,0.5210064033667247,0.0021560311317443846
ids2018,ids2018,ShallowMLP,5998673,1,median,absolute,0.3848372022310893,0.31999067465464276
ids2018,ids2018,ShallowMLP,5998673,1,median,signed_descending,0.4872133533159892,0.24599353075027466
ids2018,ids2018,ShallowMLP,5998673,1,mean,absolute,0.045929956436157236,0.12074540058771767
ids2018,ids2018,ShallowMLP,5998673,1,mean,signed_descending,0.10420684019724528,0.1078648289044698
ids2018,ids2018,ShallowMLP,6392601,0,median,absolute,0.18906171321868895,0.23305830955505372
ids2018,ids2018,ShallowMLP,6392601,0,median,signed_descending,0.10159738063812256,-0.04574176073074341
ids2018,ids2018,ShallowMLP,6392601,0,mean,absolute,0.11512693166732789,0.40286068717638646
ids2018,ids2018,ShallowMLP,6392601,0,mean,signed_descending,0.07991337378819784,0.07781426906585694
ids2018,ids2018,ShallowMLP,8475280,1,median,absolute,0.017434354623158774,0.6791478792826334
ids2018,ids2018,ShallowMLP,8475280,1,median,signed_descending,0.025654391447703043,0.6239561676979065
ids2018,ids2018,ShallowMLP,8475280,1,mean,absolute,0.000695212682088216,0.3302507519721985
ids2018,ids2018,ShallowMLP,8475280,1,mean,signed_descending,0.007177122433980307,0.20841197570164996
ids2018,ids2018,ShallowMLP,8535025,1,median,absolute,0.09604424238204956,0.4176156719525655
ids2018,ids2018,ShallowMLP,8535025,1,median,signed_descending,0.25676192045211793,0.20311594804128008
ids2018,ids2018,ShallowMLP,8535025,1,mean,absolute,0.005048994223276774,0.1309129516283671
ids2018,ids2018,ShallowMLP,8535025,1,mean,signed_descending,0.0459838350613912,0.08980042537053427
ids2018,ids2018,ShallowMLP,8632909,1,median,absolute,0.01557697057723999,0.7708123048146565
ids2018,ids2018,ShallowMLP,8632909,1,median,signed_descending,0.030023010571797692,0.7414838473002116
ids2018,ids2018,ShallowMLP,8632909,1,mean,absolute,0.0014862577120463053,0.35015528599421186
ids2018,ids2018,ShallowMLP,8632909,1,mean,signed_descending,0.017511697610219323,0.2374654213587443
ids2018,ids2018,ShallowMLP,9041050,1,median,absolute,-0.005973716576894122,0.7731308182080587
ids2018,ids2018,ShallowMLP,9041050,1,median,signed_descending,0.00205146869023641,0.7512104471524556
ids2018,ids2018,ShallowMLP,9041050,1,mean,absolute,-0.005454754829406738,0.365212341149648
ids2018,ids2018,ShallowMLP,9041050,1,mean,signed_descending,0.00214243729909261,0.2327810645103455
ids2018,ids2018,ShallowMLP,9563273,0,median,absolute,0.12790710926055907,0.44295571247736615
ids2018,ids2018,ShallowMLP,9563273,0,median,signed_descending,0.1852319518725077,-0.0477174441019694
ids2018,ids2018,ShallowMLP,9563273,0,mean,absolute,0.11420369942982993,0.4643675744533539
ids2018,ids2018,ShallowMLP,9563273,0,mean,signed_descending,0.12670453389485678,0.09318392872810362
ids2018,ids2018,ShallowMLP,9850776,0,median,absolute,0.13314586877822876,0.449475351969401
ids2018,ids2018,ShallowMLP,9850776,0,median,signed_descending,0.06089086135228475,-0.03445154428482056
ids2018,ids2018,ShallowMLP,9850776,0,mean,absolute,0.09088884989420572,0.5001566231250764
ids2018,ids2018,ShallowMLP,9850776,0,mean,signed_descending,0.05284321308135986,0.10567873915036519
ids2018,ids2018,ShallowMLP,13843066,0,median,absolute,-0.03366980950037638,0.24746625820795695
ids2018,ids2018,ShallowMLP,13843066,0,median,signed_descending,0.3545269886652629,-0.029683045546213788
ids2018,ids2018,ShallowMLP,13843066,0,mean,absolute,0.03392207622528077,0.39502180814743043
ids2018,ids2018,ShallowMLP,13843066,0,mean,signed_descending,0.20413339535395303,0.09243997732798259
ids2018,ids2018,ShallowMLP,15077162,0,median,absolute,0.04155576626459758,0.03843098084131877
ids2018,ids2018,ShallowMLP,15077162,0,median,signed_descending,0.1486390948295593,-0.006087382634480794
ids2018,ids2018,ShallowMLP,15077162,0,mean,absolute,0.4739992002646128,0.11722828944524129
ids2018,ids2018,ShallowMLP,15077162,0,mean,signed_descending,0.7193235099315644,0.02408926486968994
ids2018,ids2018,ShallowMLP,15680092,1,median,absolute,0.35345959663391113,0.201103146870931
ids2018,ids2018,ShallowMLP,15680092,1,median,signed_descending,0.6899935444196066,0.1626897931098938
ids2018,ids2018,ShallowMLP,15680092,1,mean,absolute,0.05517888466517131,0.09745457967122395
ids2018,ids2018,ShallowMLP,15680092,1,mean,signed_descending,0.37460299332936603,0.07851219574610392
ids2018,ids2018,ShallowMLP,16435528,0,median,absolute,0.19167850017547608,0.33290576934814453
ids2018,ids2018,ShallowMLP,16435528,0,median,signed_descending,0.1632343570391337,-0.0425009568532308
ids2018,ids2018,ShallowMLP,16435528,0,mean,absolute,0.1396669626235962,0.42837393283843994
ids2018,ids2018,ShallowMLP,16435528,0,mean,signed_descending,0.1104456146558126,0.0879603922367096
ids2018,ids2018,ShallowMLP,16716642,1,median,absolute,0.29733813206354776,0.43845334450403856
ids2018,ids2018,ShallowMLP,16716642,1,median,signed_descending,0.6075540224711101,0.19459462563196817
ids2018,ids2018,ShallowMLP,16716642,1,mean,absolute,0.02354864279429118,0.16041681369145713
ids2018,ids2018,ShallowMLP,16716642,1,mean,signed_descending,0.1272012154261271,0.08928344249725341
ids2018,unsw,SoftVoting,181574,0,median,absolute,-0.1330847744116836,0.0166924004429254
ids2018,unsw,SoftVoting,181574,0,median,signed_descending,-0.1275149475439392,0.008369926241531198
ids2018,unsw,SoftVoting,181574,0,mean,absolute,-0.010119869298600486,0.34112252114740493
ids2018,unsw,SoftVoting,181574,0,mean,signed_descending,0.02997450204538375,0.29047852393002055
ids2018,unsw,SoftVoting,187230,0,median,absolute,-0.1070678791336287,0.011070955941749288
ids2018,unsw,SoftVoting,187230,0,median,signed_descending,-0.1040697035269665,0.003469211079135441
ids2018,unsw,SoftVoting,187230,0,mean,absolute,-0.07045559988334571,0.28734120652842327
ids2018,unsw,SoftVoting,187230,0,mean,signed_descending,-0.06375654398245964,0.3508446333658563
ids2018,unsw,SoftVoting,366286,0,median,absolute,-0.008594827420474778,0.100849934958811
ids2018,unsw,SoftVoting,366286,0,median,signed_descending,0.005537217301865842,-0.056310840850423205
ids2018,unsw,SoftVoting,366286,0,mean,absolute,0.0070118969543872785,0.2567496277106866
ids2018,unsw,SoftVoting,366286,0,mean,signed_descending,0.0026122276264841497,0.29399722987485116
ids2018,unsw,SoftVoting,427982,0,median,absolute,0.0026496670142508376,0.14547277519424698
ids2018,unsw,SoftVoting,427982,0,median,signed_descending,0.009453952650898332,-0.022799393507509185
ids2018,unsw,SoftVoting,427982,0,mean,absolute,-0.004864018644466203,0.27388361290057944
ids2018,unsw,SoftVoting,427982,0,mean,signed_descending,-0.004501789843768988,0.31235904584841406
ids2018,unsw,SoftVoting,553221,0,median,absolute,-0.009244426135218838,0.0030766825453874213
ids2018,unsw,SoftVoting,553221,0,median,signed_descending,0.002429056384755339,0.0004912876239067036
ids2018,unsw,SoftVoting,553221,0,mean,absolute,-0.0030819726654969758,0.26074664601870756
ids2018,unsw,SoftVoting,553221,0,mean,signed_descending,0.02044709264088641,0.35010943845740544
ids2018,unsw,SoftVoting,664579,0,median,absolute,-0.0018926552904779959,0.01803321918010529
ids2018,unsw,SoftVoting,664579,0,median,signed_descending,0.04880301925172828,0.006468381643419652
ids2018,unsw,SoftVoting,664579,0,mean,absolute,-0.04921673977259567,0.28400922411310403
ids2018,unsw,SoftVoting,664579,0,mean,signed_descending,-0.04204039211628691,0.35530065448770093
ids2018,unsw,SoftVoting,1028022,1,median,absolute,0.00940508954821022,-0.044659266081012165
ids2018,unsw,SoftVoting,1028022,1,median,signed_descending,0.0341439460902332,-0.04636910335029065
ids2018,unsw,SoftVoting,1028022,1,mean,absolute,0.1667442997963077,0.269577544682577
ids2018,unsw,SoftVoting,1028022,1,mean,signed_descending,0.1251529313717763,0.29800800921111636
ids2018,unsw,SoftVoting,1048656,1,median,absolute,-8.083676024606163e-05,-0.024311388204107883
ids2018,unsw,SoftVoting,1048656,1,median,signed_descending,0.0023885249445699656,-0.028642161971462802
ids2018,unsw,SoftVoting,1048656,1,mean,absolute,-0.043240776450777625,0.3152802056609349
ids2018,unsw,SoftVoting,1048656,1,mean,signed_descending,-0.035110659373336316,0.32887587137564933
ids2018,unsw,SoftVoting,1058443,1,median,absolute,-0.003650056697725402,-0.009929438704178868
ids2018,unsw,SoftVoting,1058443,1,median,signed_descending,0.0008610495269334291,-0.012347929442592163
ids2018,unsw,SoftVoting,1058443,1,mean,absolute,0.03669728524895986,0.25142296814739645
ids2018,unsw,SoftVoting,1058443,1,mean,signed_descending,0.013254681982472956,0.3398172121037111
ids2018,unsw,SoftVoting,1104934,0,median,absolute,0.01773778584862894,0.11177729680196209
ids2018,unsw,SoftVoting,1104934,0,median,signed_descending,0.010024858129674042,-0.03543885459895733
ids2018,unsw,SoftVoting,1104934,0,mean,absolute,0.016048255090296355,0.31309129414154785
ids2018,unsw,SoftVoting,1104934,0,mean,signed_descending,0.0032037947479841566,0.30808276287583275
ids2018,unsw,SoftVoting,1236137,1,median,absolute,0.004228266251294111,0.000882130166219171
ids2018,unsw,SoftVoting,1236137,1,median,signed_descending,0.004079062540261684,0.0002656236412483948
ids2018,unsw,SoftVoting,1236137,1,mean,absolute,0.15051645548141848,0.23192850146800867
ids2018,unsw,SoftVoting,1236137,1,mean,signed_descending,0.03871558071351506,0.3450258217458086
ids2018,unsw,SoftVoting,1245641,1,median,absolute,0.2197899978452059,-0.03839326265434775
ids2018,unsw,SoftVoting,1245641,1,median,signed_descending,0.2197899978452059,-0.03839326265434775
ids2018,unsw,SoftVoting,1245641,1,mean,absolute,0.23019307609066844,0.31659074571292783
ids2018,unsw,SoftVoting,1245641,1,mean,signed_descending,0.23019307609066844,0.31659074571292783
ids2018,unsw,SoftVoting,1423118,1,median,absolute,0.006067538146782773,0.023039653684465117
ids2018,unsw,SoftVoting,1423118,1,median,signed_descending,0.006616465476806603,0.02497366097781062
ids2018,unsw,SoftVoting,1423118,1,mean,absolute,0.09412287780901703,0.2935256425938671
ids2018,unsw,SoftVoting,1423118,1,mean,signed_descending,0.010558824597990048,0.3651240095410296
ids2018,unsw,SoftVoting,1476691,1,median,absolute,0.1108178083110758,0.16152727253476476
ids2018,unsw,SoftVoting,1476691,1,median,signed_descending,0.13014842765956977,-0.038403191344560696
ids2018,unsw,SoftVoting,1476691,1,mean,absolute,0.04528357561404811,0.23466199219923967
ids2018,unsw,SoftVoting,1476691,1,mean,signed_descending,0.08664198042488513,0.31022888370755136
ids2018,unsw,SoftVoting,1547898,1,median,absolute,0.06793900580105601,0.0797824617230055
ids2018,unsw,SoftVoting,1547898,1,median,signed_descending,0.2498238873435518,-0.03432610784288954
ids2018,unsw,SoftVoting,1547898,1,mean,absolute,0.08336195043161253,0.32790986537368366
ids2018,unsw,SoftVoting,1547898,1,mean,signed_descending,0.2540598703204507,0.3223032827598505
ids2018,unsw,SoftVoting,1563527,0,median,absolute,0.0039591587651930755,0.011481188916336293
ids2018,unsw,SoftVoting,1563527,0,median,signed_descending,0.010631760877841144,0.008474047527128164
ids2018,unsw,SoftVoting,1563527,0,mean,absolute,-0.003630840864595152,0.2678580559417482
ids2018,unsw,SoftVoting,1563527,0,mean,signed_descending,0.0009312227218232881,0.3612698268328059
ids2018,unsw,SoftVoting,1849062,1,median,absolute,0.006002327114670057,0.02105204954747984
ids2018,unsw,SoftVoting,1849062,1,median,signed_descending,0.007216964112143151,0.006374554333873646
ids2018,unsw,SoftVoting,1849062,1,mean,absolute,0.1553021269787076,0.26901489124226846
ids2018,unsw,SoftVoting,1849062,1,mean,signed_descending,0.06283081527177566,0.3621027591584887
ids2018,unsw,SoftVoting,1871037,0,median,absolute,0.127141865560886,0.12629365171085558
ids2018,unsw,SoftVoting,1871037,0,median,signed_descending,0.04277540381559105,0.002956460647852066
ids2018,unsw,SoftVoting,1871037,0,mean,absolute,0.053880809597776524,0.36334554215332965
ids2018,unsw,SoftVoting,1871037,0,mean,signed_descending,0.03079513153268827,0.28870866620826424
ids2018,unsw,SoftVoting,1942006,1,median,absolute,-0.018019757501863968,-0.036930972119686246
ids2018,unsw,SoftVoting,1942006,1,median,signed_descending,-0.010980362154573924,-0.1817911962047644
ids2018,unsw,SoftVoting,1942006,1,mean,absolute,0.087985543686115,0.18269574175264727
ids2018,unsw,SoftVoting,1942006,1,mean,signed_descending,0.036991765297623276,0.16162379778270344
ids2018,unsw,SoftVoting,1971157,0,median,absolute,-0.0035788075008105313,0.06991710656222827
ids2018,unsw,SoftVoting,1971157,0,median,signed_descending,0.1159813344081545,-0.008278876315022776
ids2018,unsw,SoftVoting,1971157,0,mean,absolute,0.014009292875641803,0.35772099007463565
ids2018,unsw,SoftVoting,1971157,0,mean,signed_descending,0.010472023811358283,0.33923487710051026
ids2018,ids2018,SoftVoting,504154,1,median,absolute,-0.02851442793400948,0.17606572176097587
ids2018,ids2018,SoftVoting,504154,1,median,signed_descending,0.14023978964031045,0.010838977470654779
ids2018,ids2018,SoftVoting,504154,1,mean,absolute,-0.01790546065231434,0.3858827153491709
ids2018,ids2018,SoftVoting,504154,1,mean,signed_descending,0.12634224674166936,0.34968333804380664
ids2018,ids2018,SoftVoting,526672,0,median,absolute,-0.09912341735045167,-0.036037657016549096
ids2018,ids2018,SoftVoting,526672,0,median,signed_descending,-0.058538044037483285,-0.035824312316098214
ids2018,ids2018,SoftVoting,526672,0,mean,absolute,-0.022710635757310832,0.1938915452866733
ids2018,ids2018,SoftVoting,526672,0,mean,signed_descending,0.00849611733198925,0.31144885999402155
ids2018,ids2018,SoftVoting,863548,1,median,absolute,0.03139542156645863,0.9641354639296553
ids2018,ids2018,SoftVoting,863548,1,median,signed_descending,0.026788280440855867,0.9654554380891104
ids2018,ids2018,SoftVoting,863548,1,mean,absolute,0.2786910030089989,0.6283165837728824
ids2018,ids2018,SoftVoting,863548,1,mean,signed_descending,0.33207292444956565,0.5864133582613534
ids2018,ids2018,SoftVoting,1247706,1,median,absolute,-0.10293073250265529,0.9188165117728477
ids2018,ids2018,SoftVoting,1247706,1,median,signed_descending,-0.11125647108733072,0.930720645412808
ids2018,ids2018,SoftVoting,1247706,1,mean,absolute,-0.2003676147696425,0.6523994217487159
ids2018,ids2018,SoftVoting,1247706,1,mean,signed_descending,-0.18287174195476785,0.5750549352901652
ids2018,ids2018,SoftVoting,3202532,0,median,absolute,-0.003865298010609671,0.2772266051069827
ids2018,ids2018,SoftVoting,3202532,0,median,signed_descending,0.023676139505210525,0.029459442875523625
ids2018,ids2018,SoftVoting,3202532,0,mean,absolute,0.04762241490336614,0.4059939985750085
ids2018,ids2018,SoftVoting,3202532,0,mean,signed_descending,0.16288915727292508,0.3687410656036796
ids2018,ids2018,SoftVoting,3228906,0,median,absolute,-0.09367794253291158,0.01818581737947261
ids2018,ids2018,SoftVoting,3228906,0,median,signed_descending,-0.08605571426617009,0.014229065954947114
ids2018,ids2018,SoftVoting,3228906,0,mean,absolute,-0.008499439205146515,0.3244581687118003
ids2018,ids2018,SoftVoting,3228906,0,mean,signed_descending,0.005286409518393304,0.36158327260605283
ids2018,ids2018,SoftVoting,5124375,0,median,absolute,0.002178825080463832,0.2105738471112435
ids2018,ids2018,SoftVoting,5124375,0,median,signed_descending,0.01795293748781389,0.031006696172873566
ids2018,ids2018,SoftVoting,5124375,0,mean,absolute,0.00787292274783405,0.39959319310620406
ids2018,ids2018,SoftVoting,5124375,0,mean,signed_descending,0.03925562339518465,0.36555799552747814
ids2018,ids2018,SoftVoting,5998673,1,median,absolute,-0.01043666025159092,0.9385315996985074
ids2018,ids2018,SoftVoting,5998673,1,median,signed_descending,-0.026924197226678114,0.9516185661899123
ids2018,ids2018,SoftVoting,5998673,1,mean,absolute,-0.005558765942971178,0.6884560447971654
ids2018,ids2018,SoftVoting,5998673,1,mean,signed_descending,0.0048002642132250126,0.5889487021035592
ids2018,ids2018,SoftVoting,6392601,0,median,absolute,-0.0034259573800622238,-0.0026705265758116084
ids2018,ids2018,SoftVoting,6392601,0,median,signed_descending,0.0061947595015933755,-0.0024987616201334346
ids2018,ids2018,SoftVoting,6392601,0,mean,absolute,-0.06288548907569459,0.32104676762993156
ids2018,ids2018,SoftVoting,6392601,0,mean,signed_descending,-0.054440195656628165,0.34456547536110077
ids2018,ids2018,SoftVoting,8475280,1,median,absolute,0.010892851720829157,0.9465181995157623
ids2018,ids2018,SoftVoting,8475280,1,median,signed_descending,0.00948832771837932,0.963556395231148
ids2018,ids2018,SoftVoting,8475280,1,mean,absolute,0.03945574596638066,0.6517632373595804
ids2018,ids2018,SoftVoting,8475280,1,mean,signed_descending,0.05789163126047573,0.5912479340901418
ids2018,ids2018,SoftVoting,8535025,1,median,absolute,-0.02664316418560379,0.9303683178076412
ids2018,ids2018,SoftVoting,8535025,1,median,signed_descending,-0.03928083296829272,0.9495303598669104
ids2018,ids2018,SoftVoting,8535025,1,mean,absolute,-0.1239871344778733,0.8180176110091769
ids2018,ids2018,SoftVoting,8535025,1,mean,signed_descending,-0.10254392924175215,0.5714851703513198
ids2018,ids2018,SoftVoting,8632909,1,median,absolute,0.00889006455486441,0.9221758017931406
ids2018,ids2018,SoftVoting,8632909,1,median,signed_descending,0.005053222515698494,0.9414635178575154
ids2018,ids2018,SoftVoting,8632909,1,mean,absolute,0.022151636170535626,0.6627450704428751
ids2018,ids2018,SoftVoting,8632909,1,mean,signed_descending,0.039953585076687115,0.579712981786417
ids2018,ids2018,SoftVoting,9041050,1,median,absolute,-0.09272231285683948,0.9443253942866835
ids2018,ids2018,SoftVoting,9041050,1,median,signed_descending,-0.09614551611912447,0.9409945180304774
ids2018,ids2018,SoftVoting,9041050,1,mean,absolute,-0.10496143913202154,0.7098535250570212
ids2018,ids2018,SoftVoting,9041050,1,mean,signed_descending,-0.08654761832305546,0.5664149424434153
ids2018,ids2018,SoftVoting,9563273,0,median,absolute,-0.07141297460334663,0.004222212163516666
ids2018,ids2018,SoftVoting,9563273,0,median,signed_descending,-0.06139515564376704,0.001194778049862899
ids2018,ids2018,SoftVoting,9563273,0,mean,absolute,-0.005042522299177232,0.31483521411655013
ids2018,ids2018,SoftVoting,9563273,0,mean,signed_descending,0.00490619435712365,0.3478808888718133
ids2018,ids2018,SoftVoting,9850776,0,median,absolute,0.0015235066692359446,-0.004375993356235915
ids2018,ids2018,SoftVoting,9850776,0,median,signed_descending,0.007403463019587275,-0.009607823257829792
ids2018,ids2018,SoftVoting,9850776,0,mean,absolute,-0.05659065736570951,0.2669935866931678
ids2018,ids2018,SoftVoting,9850776,0,mean,signed_descending,-0.049411813213543924,0.2971424978349697
ids2018,ids2018,SoftVoting,13843066,0,median,absolute,-0.0033368032449887963,0.02217241439759962
ids2018,ids2018,SoftVoting,13843066,0,median,signed_descending,0.007196857515562605,0.02254887643224737
ids2018,ids2018,SoftVoting,13843066,0,mean,absolute,0.06146107151570041,0.30640006458569435
ids2018,ids2018,SoftVoting,13843066,0,mean,signed_descending,-0.005132153037280503,0.3615851275732565
ids2018,ids2018,SoftVoting,15077162,0,median,absolute,0.023096966215185574,0.22361462934004117
ids2018,ids2018,SoftVoting,15077162,0,median,signed_descending,0.058227665207620675,0.03529326279074633
ids2018,ids2018,SoftVoting,15077162,0,mean,absolute,0.007406913674414255,0.3868479904723323
ids2018,ids2018,SoftVoting,15077162,0,mean,signed_descending,0.07284646475899177,0.2686308713749932
ids2018,ids2018,SoftVoting,15680092,1,median,absolute,0.2129249606158534,0.46712384236085464
ids2018,ids2018,SoftVoting,15680092,1,median,signed_descending,0.10621388669247926,0.35458273279980856
ids2018,ids2018,SoftVoting,15680092,1,mean,absolute,0.05920075438041341,0.5448528842110606
ids2018,ids2018,SoftVoting,15680092,1,mean,signed_descending,0.0759456400660342,0.41344037174212883
ids2018,ids2018,SoftVoting,16435528,0,median,absolute,-0.012404899953282348,0.015307550722621978
ids2018,ids2018,SoftVoting,16435528,0,median,signed_descending,0.00415379216562232,-0.004832463599611351
ids2018,ids2018,SoftVoting,16435528,0,mean,absolute,-0.044804187880864155,0.2555259461184964
ids2018,ids2018,SoftVoting,16435528,0,mean,signed_descending,-0.029270267556176552,0.3419828103025213
ids2018,ids2018,SoftVoting,16716642,1,median,absolute,0.024539744197385322,0.9179340058568618
ids2018,ids2018,SoftVoting,16716642,1,median,signed_descending,-0.002474010019957383,0.938043242061842
ids2018,ids2018,SoftVoting,16716642,1,mean,absolute,-0.020357173059469234,0.7149526859148065
ids2018,ids2018,SoftVoting,16716642,1,mean,signed_descending,-0.006904342331866047,0.5698049699500358
ids2018,unsw,XGBoost,181574,0,median,absolute,-0.008776597181955973,-0.006980780760447184
ids2018,unsw,XGBoost,181574,0,median,signed_descending,0.004522053400675456,-0.009481096267700195
ids2018,unsw,XGBoost,181574,0,mean,absolute,-0.0069681366284688314,-0.0004151741663614909
ids2018,unsw,XGBoost,181574,0,mean,signed_descending,-0.0032410899798075363,-0.0005574901898701986
ids2018,unsw,XGBoost,187230,0,median,absolute,-0.012126406033833822,-0.0050196091334025065
ids2018,unsw,XGBoost,187230,0,median,signed_descending,-0.006157402197519938,-0.006454678376515706
ids2018,unsw,XGBoost,187230,0,mean,absolute,-0.0043669104576110835,0.0029947400093078614
ids2018,unsw,XGBoost,187230,0,mean,signed_descending,-0.004179898897806803,0.0022292256355285647
ids2018,unsw,XGBoost,366286,0,median,absolute,0.010177250703175864,-0.024805871645609535
ids2018,unsw,XGBoost,366286,0,median,signed_descending,-0.007604694366455079,-0.02680853605270386
ids2018,unsw,XGBoost,366286,0,mean,absolute,0.024462624390920003,-0.01578946113586426
ids2018,unsw,XGBoost,366286,0,mean,signed_descending,-0.004345937569936116,-0.01762322982152303
ids2018,unsw,XGBoost,427982,0,median,absolute,-0.00046062866846720377,-0.0008130351702372233
ids2018,unsw,XGBoost,427982,0,median,signed_descending,-0.0023617227872212727,-0.002609888712565104
ids2018,unsw,XGBoost,427982,0,mean,absolute,0.0005762775739034015,0.008152008056640625
ids2018,unsw,XGBoost,427982,0,mean,signed_descending,-0.0023952802022298176,0.006373989582061768
ids2018,unsw,XGBoost,553221,0,median,absolute,-0.0004142920176188151,-0.002895232041676839
ids2018,unsw,XGBoost,553221,0,median,signed_descending,0.002087672551472982,-0.0035300453503926596
ids2018,unsw,XGBoost,553221,0,mean,absolute,-0.0008873144785563151,0.0054798165957132975
ids2018,unsw,XGBoost,553221,0,mean,signed_descending,-0.0009334206581115724,0.005417088667551677
ids2018,unsw,XGBoost,664579,0,median,absolute,-0.01634817123413086,-0.012009119987487792
ids2018,unsw,XGBoost,664579,0,median,signed_descending,0.0003795742988586427,-0.014253040154774984
ids2018,unsw,XGBoost,664579,0,mean,absolute,-0.01154247522354126,-0.004851484298706054
ids2018,unsw,XGBoost,664579,0,mean,signed_descending,-0.0051975250244140625,-0.005297271410624187
ids2018,unsw,XGBoost,1028022,1,median,absolute,0.00860887368520101,-0.006009288628896078
ids2018,unsw,XGBoost,1028022,1,median,signed_descending,0.03547340234120686,-0.006345045566558838
ids2018,unsw,XGBoost,1028022,1,mean,absolute,-0.0003281513849894199,0.00035455624262491865
ids2018,unsw,XGBoost,1028022,1,mean,signed_descending,0.008787020047505699,-0.003100816408793132
ids2018,unsw,XGBoost,1048656,1,median,absolute,0.001786677042643229,-0.00028179089228312176
ids2018,unsw,XGBoost,1048656,1,median,signed_descending,0.0025986631711324057,-0.0007197578748067221
ids2018,unsw,XGBoost,1048656,1,mean,absolute,0.0004627188046773274,0.007425582408905029
ids2018,unsw,XGBoost,1048656,1,mean,signed_descending,0.0008016586303710937,0.0040635983149210604
ids2018,unsw,XGBoost,1058443,1,median,absolute,0.001141810417175293,3.6291281382242846e-05
ids2018,unsw,XGBoost,1058443,1,median,signed_descending,0.001268625259399414,1.0490417480468787e-06
ids2018,unsw,XGBoost,1058443,1,mean,absolute,0.005631983280181885,0.0025923212369283037
ids2018,unsw,XGBoost,1058443,1,mean,signed_descending,0.006838083267211914,0.002378372351328532
ids2018,unsw,XGBoost,1104934,0,median,absolute,8.065700531005868e-05,-0.0066219727198282875
ids2018,unsw,XGBoost,1104934,0,median,signed_descending,-0.0020928223927815753,-0.009197012583414715
ids2018,unsw,XGBoost,1104934,0,mean,absolute,0.0017600218454996742,0.0018415609995524086
ids2018,unsw,XGBoost,1104934,0,mean,signed_descending,-0.0029207388559977215,0.001979231834411621
ids2018,unsw,XGBoost,1236137,1,median,absolute,0.0009959379831949871,0.00013970136642456056
ids2018,unsw,XGBoost,1236137,1,median,signed_descending,0.0010270953178405761,0.00011726220448811849
ids2018,unsw,XGBoost,1236137,1,mean,absolute,0.005998233954111735,0.003460705280303955
ids2018,unsw,XGBoost,1236137,1,mean,signed_descending,0.00679235061009725,0.003384546438852946
ids2018,unsw,XGBoost,1245641,1,median,absolute,0.12318640152613321,0.04805968205134074
ids2018,unsw,XGBoost,1245641,1,median,signed_descending,0.42608978350957233,2.518494923909505e-05
ids2018,unsw,XGBoost,1245641,1,mean,absolute,0.007762964566548666,0.003411475817362467
ids2018,unsw,XGBoost,1245641,1,mean,signed_descending,0.008499773343404134,0.0035903016726175946
ids2018,unsw,XGBoost,1423118,1,median,absolute,-5.304813385009766e-06,0.0008043686548868815
ids2018,unsw,XGBoost,1423118,1,median,signed_descending,-3.695487976074218e-07,0.0007610996564229329
ids2018,unsw,XGBoost,1423118,1,mean,absolute,-7.069110870361327e-06,0.008241097132364908
ids2018,unsw,XGBoost,1423118,1,mean,signed_descending,2.6158491770426436e-05,0.0078400452931722
ids2018,unsw,XGBoost,1476691,1,median,absolute,-0.0006045222282409667,0.0001828591028849284
ids2018,unsw,XGBoost,1476691,1,median,signed_descending,0.0002152085304260254,-0.0007777611414591471
ids2018,unsw,XGBoost,1476691,1,mean,absolute,-0.002040235201517741,0.01066819429397583
ids2018,unsw,XGBoost,1476691,1,mean,signed_descending,0.004127212365468344,0.006163911024729411
ids2018,unsw,XGBoost,1547898,1,median,absolute,-0.0010993162790934243,0.00044622023900349933
ids2018,unsw,XGBoost,1547898,1,median,signed_descending,-0.0005068937937418621,-0.0004541476567586263
ids2018,unsw,XGBoost,1547898,1,mean,absolute,0.00032264788945515944,0.01355703274408976
ids2018,unsw,XGBoost,1547898,1,mean,signed_descending,0.0033961097399393715,0.00640405019124349
ids2018,unsw,XGBoost,1563527,0,median,absolute,0.0024471203486124676,-0.006044137477874756
ids2018,unsw,XGBoost,1563527,0,median,signed_descending,0.005654247601826985,-0.006396019458770751
ids2018,unsw,XGBoost,1563527,0,mean,absolute,-0.0029798150062561035,0.0021342039108276367
ids2018,unsw,XGBoost,1563527,0,mean,signed_descending,-0.0029798150062561035,0.002518951892852783
ids2018,unsw,XGBoost,1849062,1,median,absolute,0.00011480649312337239,0.0008028268814086913
ids2018,unsw,XGBoost,1849062,1,median,signed_descending,0.00016758441925048828,0.00043880542119344076
ids2018,unsw,XGBoost,1849062,1,mean,absolute,0.001163160800933838,0.0072261730829874665
ids2018,unsw,XGBoost,1849062,1,mean,signed_descending,0.001585086186726888,0.0048277854919433595
ids2018,unsw,XGBoost,1871037,0,median,absolute,-0.0005062659581502281,0.003307573000590007
ids2018,unsw,XGBoost,1871037,0,median,signed_descending,0.05589644908905029,-0.025711937745412194
ids2018,unsw,XGBoost,1871037,0,mean,absolute,0.019250281651814777,-0.013005471229553223
ids2018,unsw,XGBoost,1871037,0,mean,signed_descending,-0.0018630425135294597,-0.01780877113342285
ids2018,unsw,XGBoost,1942006,1,median,absolute,-0.4380512078603109,-0.39770698149998984
ids2018,unsw,XGBoost,1942006,1,median,signed_descending,0.004932514826456708,-0.4402790864308675
ids2018,unsw,XGBoost,1942006,1,mean,absolute,-0.2955707987149556,-0.2639983495076497
ids2018,unsw,XGBoost,1942006,1,mean,signed_descending,0.34377562602361045,-0.43662019968032834
ids2018,unsw,XGBoost,1971157,0,median,absolute,0.00537023941675822,0.008955232302347819
ids2018,unsw,XGBoost,1971157,0,median,signed_descending,0.002972598870595296,-0.0004865725835164388
ids2018,unsw,XGBoost,1971157,0,mean,absolute,0.00474930206934611,0.004627422491709391
ids2018,unsw,XGBoost,1971157,0,mean,signed_descending,0.0038204908370971674,0.008778186639149985
ids2018,ids2018,XGBoost,504154,1,median,absolute,0.027467183272043866,0.10139226516087851
ids2018,ids2018,XGBoost,504154,1,median,signed_descending,-5.663235982259103e-05,-0.025200696786244713
ids2018,ids2018,XGBoost,504154,1,mean,absolute,0.023939502239227296,-0.017517574628194175
ids2018,ids2018,XGBoost,504154,1,mean,signed_descending,0.0048242767651875814,-0.022513544559478762
ids2018,ids2018,XGBoost,526672,0,median,absolute,0.004946430524190267,-0.018786891301472982
ids2018,ids2018,XGBoost,526672,0,median,signed_descending,0.004386226336161294,-0.01944688161214193
ids2018,ids2018,XGBoost,526672,0,mean,absolute,-0.020039391517639164,-0.009652229150136311
ids2018,ids2018,XGBoost,526672,0,mean,signed_descending,-0.019443345069885255,-0.010758694012959799
ids2018,ids2018,XGBoost,863548,1,median,absolute,0.0007842461268107098,0.90549760038654
ids2018,ids2018,XGBoost,863548,1,median,signed_descending,0.01002363363901774,0.7308132253587245
ids2018,ids2018,XGBoost,863548,1,mean,absolute,0.0013622442881266277,0.9164812846730154
ids2018,ids2018,XGBoost,863548,1,mean,signed_descending,0.004798662662506103,0.9438526245454947
ids2018,ids2018,XGBoost,1247706,1,median,absolute,0.007503104209899902,0.915267933315287
ids2018,ids2018,XGBoost,1247706,1,median,signed_descending,0.007503104209899902,0.915267933315287
ids2018,ids2018,XGBoost,1247706,1,mean,absolute,0.007431832949320476,0.6262110122789939
ids2018,ids2018,XGBoost,1247706,1,mean,signed_descending,0.007431832949320476,0.6262110122789939
ids2018,ids2018,XGBoost,3202532,0,median,absolute,3.914038340250651e-06,0.00043898026148478185
ids2018,ids2018,XGBoost,3202532,0,median,signed_descending,-3.825823465983073e-05,0.00038384993871053066
ids2018,ids2018,XGBoost,3202532,0,mean,absolute,-0.0011332829793294272,0.00557466745376587
ids2018,ids2018,XGBoost,3202532,0,mean,signed_descending,0.0016581296920776367,0.0053942362467447914
ids2018,ids2018,XGBoost,3228906,0,median,absolute,-0.002749800682067871,-0.0006834387779235841
ids2018,ids2018,XGBoost,3228906,0,median,signed_descending,-0.0009121179580688478,-0.0026534914970397943
ids2018,ids2018,XGBoost,3228906,0,mean,absolute,-0.0035840272903442383,0.003975466887156169
ids2018,ids2018,XGBoost,3228906,0,mean,signed_descending,-0.002757219473520915,0.006177544593811035
ids2018,ids2018,XGBoost,5124375,0,median,absolute,0.0009798884391784668,0.02257032791773478
ids2018,ids2018,XGBoost,5124375,0,median,signed_descending,2.3611386617024732e-05,0.00023405949274698894
ids2018,ids2018,XGBoost,5124375,0,mean,absolute,0.001541709899902344,0.00520633856455485
ids2018,ids2018,XGBoost,5124375,0,mean,signed_descending,0.00019714832305908205,0.004205020268758138
ids2018,ids2018,XGBoost,5998673,1,median,absolute,0.04265043338139852,0.9130841309204697
ids2018,ids2018,XGBoost,5998673,1,median,signed_descending,0.04265043338139852,0.9130841309204697
ids2018,ids2018,XGBoost,5998673,1,mean,absolute,0.018543203671773274,0.6058066731939713
ids2018,ids2018,XGBoost,5998673,1,mean,signed_descending,0.018543203671773274,0.6058066731939713
ids2018,ids2018,XGBoost,6392601,0,median,absolute,-0.0014676491419474277,-0.0015189131100972495
ids2018,ids2018,XGBoost,6392601,0,median,signed_descending,-0.0016805807749430337,-0.001962021986643473
ids2018,ids2018,XGBoost,6392601,0,mean,absolute,-0.002310438950856527,0.008461264769236247
ids2018,ids2018,XGBoost,6392601,0,mean,signed_descending,-0.0020838379859924316,0.006599219640096028
ids2018,ids2018,XGBoost,8475280,1,median,absolute,0.3138486405213674,0.7132657583492498
ids2018,ids2018,XGBoost,8475280,1,median,signed_descending,0.3138486405213674,0.7132657583492498
ids2018,ids2018,XGBoost,8475280,1,mean,absolute,0.16052876710891725,0.5907034266740084
ids2018,ids2018,XGBoost,8475280,1,mean,signed_descending,0.16052876710891725,0.5907034266740084
ids2018,ids2018,XGBoost,8535025,1,median,absolute,0.015006160736083985,0.9034896653455992
ids2018,ids2018,XGBoost,8535025,1,median,signed_descending,0.015006160736083985,0.9034896653455992
ids2018,ids2018,XGBoost,8535025,1,mean,absolute,-0.04496602614720663,0.5925022099167109
ids2018,ids2018,XGBoost,8535025,1,mean,signed_descending,-0.04496602614720663,0.5925022099167109
ids2018,ids2018,XGBoost,8632909,1,median,absolute,0.012784322102864584,0.8908033867056172
ids2018,ids2018,XGBoost,8632909,1,median,signed_descending,0.012784322102864584,0.8908033867056172
ids2018,ids2018,XGBoost,8632909,1,mean,absolute,0.01133871873219808,0.5798759531229735
ids2018,ids2018,XGBoost,8632909,1,mean,signed_descending,0.01133871873219808,0.5798759531229735
ids2018,ids2018,XGBoost,9041050,1,median,absolute,0.016884525616963703,0.8247004951971273
ids2018,ids2018,XGBoost,9041050,1,median,signed_descending,0.016884525616963703,0.8247004951971273
ids2018,ids2018,XGBoost,9041050,1,mean,absolute,-0.028131965796152746,0.6063262784232696
ids2018,ids2018,XGBoost,9041050,1,mean,signed_descending,-0.028131965796152746,0.6063262784232696
ids2018,ids2018,XGBoost,9563273,0,median,absolute,-0.003573008378346761,-0.0008586645126342773
ids2018,ids2018,XGBoost,9563273,0,median,signed_descending,-0.002098504702250163,-0.0029125213623046875
ids2018,ids2018,XGBoost,9563273,0,mean,absolute,-0.005315915743509928,0.008444809913635254
ids2018,ids2018,XGBoost,9563273,0,mean,signed_descending,-0.004990418752034505,0.00628972053527832
ids2018,ids2018,XGBoost,9850776,0,median,absolute,-0.0024620532989501954,-0.0004265824953715006
ids2018,ids2018,XGBoost,9850776,0,median,signed_descending,-0.0006046136220296222,-0.0017159342765808107
ids2018,ids2018,XGBoost,9850776,0,mean,absolute,-0.0013871192932128906,0.0069539546966552734
ids2018,ids2018,XGBoost,9850776,0,mean,signed_descending,-0.0011576016743977864,0.007244328657786052
ids2018,ids2018,XGBoost,13843066,0,median,absolute,-0.0037943402926127116,-0.004852183659871419
ids2018,ids2018,XGBoost,13843066,0,median,signed_descending,-0.000931811332702637,-0.004962778091430664
ids2018,ids2018,XGBoost,13843066,0,mean,absolute,-0.003390642007191976,0.0020042181015014647
ids2018,ids2018,XGBoost,13843066,0,mean,signed_descending,-0.0029176235198974613,0.000995043913523356
ids2018,ids2018,XGBoost,15077162,0,median,absolute,-1.3864040374755859e-05,0.0005151589711507161
ids2018,ids2018,XGBoost,15077162,0,median,signed_descending,-4.6153863271077476e-05,0.0005869110425313313
ids2018,ids2018,XGBoost,15077162,0,mean,absolute,0.0002119143803914388,0.008779382705688477
ids2018,ids2018,XGBoost,15077162,0,mean,signed_descending,0.000592346986134847,0.007409032185872396
ids2018,ids2018,XGBoost,15680092,1,median,absolute,0.2998430192470551,0.4107609411080679
ids2018,ids2018,XGBoost,15680092,1,median,signed_descending,0.2998430192470551,0.4107609411080679
ids2018,ids2018,XGBoost,15680092,1,mean,absolute,0.07176275253295898,0.6791914721330007
ids2018,ids2018,XGBoost,15680092,1,mean,signed_descending,0.07176275253295898,0.6791914721330007
ids2018,ids2018,XGBoost,16435528,0,median,absolute,0.0003943443298339842,-0.0014675736427307128
ids2018,ids2018,XGBoost,16435528,0,median,signed_descending,0.0013712326685587568,-0.002153968811035156
ids2018,ids2018,XGBoost,16435528,0,mean,absolute,-0.0004241387049357097,0.005922857920328776
ids2018,ids2018,XGBoost,16435528,0,mean,signed_descending,-0.0005318045616149903,0.006899499893188477
ids2018,ids2018,XGBoost,16716642,1,median,absolute,0.05977399746576945,0.8894286491597692
ids2018,ids2018,XGBoost,16716642,1,median,signed_descending,0.05977399746576945,0.8894286491597692
ids2018,ids2018,XGBoost,16716642,1,mean,absolute,0.03579129378000895,0.5876442344238361
ids2018,ids2018,XGBoost,16716642,1,mean,signed_descending,0.03579129378000895,0.5876442344238361
unsw,unsw,DecisionTree,181574,0,median,absolute,0.0,0.0
unsw,unsw,DecisionTree,181574,0,median,signed_descending,0.0,0.0
unsw,unsw,DecisionTree,181574,0,mean,absolute,0.0,0.0
unsw,unsw,DecisionTree,181574,0,mean,signed_descending,0.0,0.0
unsw,unsw,DecisionTree,187230,0,median,absolute,0.0,0.0
unsw,unsw,DecisionTree,187230,0,median,signed_descending,0.0,0.0
unsw,unsw,DecisionTree,187230,0,mean,absolute,0.0,0.0
unsw,unsw,DecisionTree,187230,0,mean,signed_descending,0.0,0.0
unsw,unsw,DecisionTree,366286,0,median,absolute,0.0,0.0
unsw,unsw,DecisionTree,366286,0,median,signed_descending,0.0,0.0
unsw,unsw,DecisionTree,366286,0,mean,absolute,0.0,0.0
unsw,unsw,DecisionTree,366286,0,mean,signed_descending,0.0,0.0
unsw,unsw,DecisionTree,427982,0,median,absolute,0.0,0.0
unsw,unsw,DecisionTree,427982,0,median,signed_descending,0.0,0.0
unsw,unsw,DecisionTree,427982,0,mean,absolute,0.0,0.0
unsw,unsw,DecisionTree,427982,0,mean,signed_descending,0.0,0.0
unsw,unsw,DecisionTree,553221,0,median,absolute,0.0,0.0
unsw,unsw,DecisionTree,553221,0,median,signed_descending,0.0,0.0
unsw,unsw,DecisionTree,553221,0,mean,absolute,0.0,0.0
unsw,unsw,DecisionTree,553221,0,mean,signed_descending,0.0,0.0
unsw,unsw,DecisionTree,664579,0,median,absolute,0.0,0.0
unsw,unsw,DecisionTree,664579,0,median,signed_descending,0.0,0.0
unsw,unsw,DecisionTree,664579,0,mean,absolute,0.0,0.0
unsw,unsw,DecisionTree,664579,0,mean,signed_descending,0.0,0.0
unsw,unsw,DecisionTree,1028022,1,median,absolute,0.7999999999999999,0.20000000000000004
unsw,unsw,DecisionTree,1028022,1,median,signed_descending,0.7999999999999999,0.20000000000000004
unsw,unsw,DecisionTree,1028022,1,mean,absolute,1.0,0.0
unsw,unsw,DecisionTree,1028022,1,mean,signed_descending,1.0,0.0
unsw,unsw,DecisionTree,1048656,1,median,absolute,0.6666666666666666,0.20000000000000004
unsw,unsw,DecisionTree,1048656,1,median,signed_descending,0.6666666666666666,0.20000000000000004
unsw,unsw,DecisionTree,1048656,1,mean,absolute,0.9885324453032659,0.0
unsw,unsw,DecisionTree,1048656,1,mean,signed_descending,0.9885324453032659,0.0
unsw,unsw,DecisionTree,1058443,1,median,absolute,0.860602396416009,0.20000000000000004
unsw,unsw,DecisionTree,1058443,1,median,signed_descending,0.860602396416009,0.20000000000000004
unsw,unsw,DecisionTree,1058443,1,mean,absolute,0.9918075690969687,0.0
unsw,unsw,DecisionTree,1058443,1,mean,signed_descending,0.9918075690969687,0.0
unsw,unsw,DecisionTree,1104934,0,median,absolute,0.0,0.0
unsw,unsw,DecisionTree,1104934,0,median,signed_descending,0.0,0.0
unsw,unsw,DecisionTree,1104934,0,mean,absolute,0.0,0.0
unsw,unsw,DecisionTree,1104934,0,mean,signed_descending,0.0,0.0
unsw,unsw,DecisionTree,1236137,1,median,absolute,0.5957796448273845,0.20000000000000004
unsw,unsw,DecisionTree,1236137,1,median,signed_descending,0.5957796448273845,0.20000000000000004
unsw,unsw,DecisionTree,1236137,1,mean,absolute,0.9880497000862744,0.0
unsw,unsw,DecisionTree,1236137,1,mean,signed_descending,0.9880497000862744,0.0
unsw,unsw,DecisionTree,1245641,1,median,absolute,0.7818140000000001,0.3333333333333333
unsw,unsw,DecisionTree,1245641,1,median,signed_descending,0.7818140000000001,0.20000000000000004
unsw,unsw,DecisionTree,1245641,1,mean,absolute,0.8458826666666667,0.13333333333333333
unsw,unsw,DecisionTree,1245641,1,mean,signed_descending,0.8458826666666667,0.0
unsw,unsw,DecisionTree,1423118,1,median,absolute,0.5907263019943602,0.18012778998791465
unsw,unsw,DecisionTree,1423118,1,median,signed_descending,0.5907263019943602,0.18012778998791465
unsw,unsw,DecisionTree,1423118,1,mean,absolute,0.9841022319903318,-0.01987221001208539
unsw,unsw,DecisionTree,1423118,1,mean,signed_descending,0.9841022319903318,-0.01987221001208539
unsw,unsw,DecisionTree,1476691,1,median,absolute,0.6666666666666666,0.20000000000000004
unsw,unsw,DecisionTree,1476691,1,median,signed_descending,0.6666666666666666,0.20000000000000004
unsw,unsw,DecisionTree,1476691,1,mean,absolute,0.6666666666666666,0.0010640803261868855
unsw,unsw,DecisionTree,1476691,1,mean,signed_descending,0.6666666666666666,0.0010640803261868855
unsw,unsw,DecisionTree,1547898,1,median,absolute,0.9949567825903527,0.26162344925701936
unsw,unsw,DecisionTree,1547898,1,median,signed_descending,0.9949567825903527,0.26162344925701936
unsw,unsw,DecisionTree,1547898,1,mean,absolute,0.9949567825903527,-0.005043217409647305
unsw,unsw,DecisionTree,1547898,1,mean,signed_descending,0.9949567825903527,-0.005043217409647305
unsw,unsw,DecisionTree,1563527,0,median,absolute,0.0,0.0
unsw,unsw,DecisionTree,1563527,0,median,signed_descending,0.0,0.0
unsw,unsw,DecisionTree,1563527,0,mean,absolute,0.0,0.0
unsw,unsw,DecisionTree,1563527,0,mean,signed_descending,0.0,0.0
unsw,unsw,DecisionTree,1849062,1,median,absolute,1.0,0.20000000000000004
unsw,unsw,DecisionTree,1849062,1,median,signed_descending,1.0,0.20000000000000004
unsw,unsw,DecisionTree,1849062,1,mean,absolute,1.0,0.0
unsw,unsw,DecisionTree,1849062,1,mean,signed_descending,1.0,0.0
unsw,unsw,DecisionTree,1871037,0,median,absolute,0.0,0.0
unsw,unsw,DecisionTree,1871037,0,median,signed_descending,0.0,0.0
unsw,unsw,DecisionTree,1871037,0,mean,absolute,0.0,0.0
unsw,unsw,DecisionTree,1871037,0,mean,signed_descending,0.0,0.0
unsw,unsw,DecisionTree,1942006,1,median,absolute,0.6616655598012134,0.26825015000494373
unsw,unsw,DecisionTree,1942006,1,median,signed_descending,0.6616655598012134,0.26666666666666666
unsw,unsw,DecisionTree,1942006,1,mean,absolute,0.72833222646788,0.0
unsw,unsw,DecisionTree,1942006,1,mean,signed_descending,0.72833222646788,0.0
unsw,unsw,DecisionTree,1971157,0,median,absolute,0.0,0.0
unsw,unsw,DecisionTree,1971157,0,median,signed_descending,0.0,0.0
unsw,unsw,DecisionTree,1971157,0,mean,absolute,0.0,0.0
unsw,unsw,DecisionTree,1971157,0,mean,signed_descending,0.0,0.0
unsw,ids2018,DecisionTree,504154,1,median,absolute,0.0,0.0
unsw,ids2018,DecisionTree,504154,1,median,signed_descending,0.0,0.0
unsw,ids2018,DecisionTree,504154,1,mean,absolute,0.0,0.7333333333333334
unsw,ids2018,DecisionTree,504154,1,mean,signed_descending,0.4596474875296772,0.0
unsw,ids2018,DecisionTree,526672,0,median,absolute,0.0,0.0
unsw,ids2018,DecisionTree,526672,0,median,signed_descending,0.0,0.0
unsw,ids2018,DecisionTree,526672,0,mean,absolute,0.0,0.0
unsw,ids2018,DecisionTree,526672,0,mean,signed_descending,0.0,0.0
unsw,ids2018,DecisionTree,863548,1,median,absolute,0.6309866805143953,0.8604363825196298
unsw,ids2018,DecisionTree,863548,1,median,signed_descending,0.6309866805143953,0.8020554756998776
unsw,ids2018,DecisionTree,863548,1,mean,absolute,0.6309866805143953,0.26043638251962997
unsw,ids2018,DecisionTree,863548,1,mean,signed_descending,0.6309866805143953,-0.1312778576334557
unsw,ids2018,DecisionTree,1247706,1,median,absolute,0.0,0.0
unsw,ids2018,DecisionTree,1247706,1,median,signed_descending,0.583809068197523,0.0
unsw,ids2018,DecisionTree,1247706,1,mean,absolute,0.0,0.20000000000000004
unsw,ids2018,DecisionTree,1247706,1,mean,signed_descending,0.583809068197523,0.0
unsw,ids2018,DecisionTree,3202532,0,median,absolute,0.0,0.0
unsw,ids2018,DecisionTree,3202532,0,median,signed_descending,0.0,0.0
unsw,ids2018,DecisionTree,3202532,0,mean,absolute,0.0,0.20000000000000004
unsw,ids2018,DecisionTree,3202532,0,mean,signed_descending,1.0,0.0
unsw,ids2018,DecisionTree,3228906,0,median,absolute,0.0,0.0
unsw,ids2018,DecisionTree,3228906,0,median,signed_descending,0.0,0.0
unsw,ids2018,DecisionTree,3228906,0,mean,absolute,0.0,0.0
unsw,ids2018,DecisionTree,3228906,0,mean,signed_descending,0.0,0.0
unsw,ids2018,DecisionTree,5124375,0,median,absolute,0.0,0.0
unsw,ids2018,DecisionTree,5124375,0,median,signed_descending,0.0,0.0
unsw,ids2018,DecisionTree,5124375,0,mean,absolute,0.0,0.6
unsw,ids2018,DecisionTree,5124375,0,mean,signed_descending,0.5904990999703376,0.0
unsw,ids2018,DecisionTree,5998673,1,median,absolute,-0.1751427204592569,0.0
unsw,ids2018,DecisionTree,5998673,1,median,signed_descending,0.4086663477382661,0.0
unsw,ids2018,DecisionTree,5998673,1,mean,absolute,-0.1751427204592569,0.20000000000000004
unsw,ids2018,DecisionTree,5998673,1,mean,signed_descending,0.4086663477382661,0.0
unsw,ids2018,DecisionTree,6392601,0,median,absolute,0.0,0.0
unsw,ids2018,DecisionTree,6392601,0,median,signed_descending,0.0,0.0
unsw,ids2018,DecisionTree,6392601,0,mean,absolute,0.0,0.0
unsw,ids2018,DecisionTree,6392601,0,mean,signed_descending,0.0,0.0
unsw,ids2018,DecisionTree,8475280,1,median,absolute,0.0,0.0
unsw,ids2018,DecisionTree,8475280,1,median,signed_descending,0.6421899750172753,0.0
unsw,ids2018,DecisionTree,8475280,1,mean,absolute,0.0,0.20000000000000004
unsw,ids2018,DecisionTree,8475280,1,mean,signed_descending,0.6421899750172753,0.0
unsw,ids2018,DecisionTree,8535025,1,median,absolute,-0.2335236272790092,0.0
unsw,ids2018,DecisionTree,8535025,1,median,signed_descending,0.29190453409876144,0.0
unsw,ids2018,DecisionTree,8535025,1,mean,absolute,-0.2335236272790092,0.20000000000000004
unsw,ids2018,DecisionTree,8535025,1,mean,signed_descending,0.29190453409876144,0.0
unsw,ids2018,DecisionTree,8632909,1,median,absolute,-0.2335236272790092,0.0
unsw,ids2018,DecisionTree,8632909,1,median,signed_descending,0.4086663477382661,0.0
unsw,ids2018,DecisionTree,8632909,1,mean,absolute,-0.2335236272790092,0.20000000000000004
unsw,ids2018,DecisionTree,8632909,1,mean,signed_descending,0.4086663477382661,0.0
unsw,ids2018,DecisionTree,9041050,1,median,absolute,0.0,0.0
unsw,ids2018,DecisionTree,9041050,1,median,signed_descending,0.5254281613777706,0.0
unsw,ids2018,DecisionTree,9041050,1,mean,absolute,0.0,0.20000000000000004
unsw,ids2018,DecisionTree,9041050,1,mean,signed_descending,0.5254281613777706,0.0
unsw,ids2018,DecisionTree,9563273,0,median,absolute,0.0,0.0
unsw,ids2018,DecisionTree,9563273,0,median,signed_descending,0.0,0.0
unsw,ids2018,DecisionTree,9563273,0,mean,absolute,0.0,0.0
unsw,ids2018,DecisionTree,9563273,0,mean,signed_descending,0.0,0.0
unsw,ids2018,DecisionTree,9850776,0,median,absolute,0.0,0.0
unsw,ids2018,DecisionTree,9850776,0,median,signed_descending,0.0,0.0
unsw,ids2018,DecisionTree,9850776,0,mean,absolute,0.0,0.0
unsw,ids2018,DecisionTree,9850776,0,mean,signed_descending,0.0,0.0
unsw,ids2018,DecisionTree,13843066,0,median,absolute,0.7999999999999999,0.20000000000000004
unsw,ids2018,DecisionTree,13843066,0,median,signed_descending,0.7999999999999999,0.20000000000000004
unsw,ids2018,DecisionTree,13843066,0,mean,absolute,0.9923549635355107,0.0
unsw,ids2018,DecisionTree,13843066,0,mean,signed_descending,0.9923549635355107,0.0
unsw,ids2018,DecisionTree,15077162,0,median,absolute,0.0,0.0
unsw,ids2018,DecisionTree,15077162,0,median,signed_descending,0.0,0.0
unsw,ids2018,DecisionTree,15077162,0,mean,absolute,-0.3333333333333333,0.3333333333333333
unsw,ids2018,DecisionTree,15077162,0,mean,signed_descending,0.5333333333333333,0.0
unsw,ids2018,DecisionTree,15680092,1,median,absolute,0.0,0.0
unsw,ids2018,DecisionTree,15680092,1,median,signed_descending,0.4670472545580184,0.0
unsw,ids2018,DecisionTree,15680092,1,mean,absolute,0.0,0.20000000000000004
unsw,ids2018,DecisionTree,15680092,1,mean,signed_descending,0.4670472545580184,0.0
unsw,ids2018,DecisionTree,16435528,0,median,absolute,0.0,0.0
unsw,ids2018,DecisionTree,16435528,0,median,signed_descending,0.0,0.0
unsw,ids2018,DecisionTree,16435528,0,mean,absolute,0.0,0.0
unsw,ids2018,DecisionTree,16435528,0,mean,signed_descending,0.0,0.0
unsw,ids2018,DecisionTree,16716642,1,median,absolute,0.0,0.0
unsw,ids2018,DecisionTree,16716642,1,median,signed_descending,0.4670472545580184,0.0
unsw,ids2018,DecisionTree,16716642,1,mean,absolute,0.0,0.20000000000000004
unsw,ids2018,DecisionTree,16716642,1,mean,signed_descending,0.4670472545580184,0.0
unsw,unsw,DeepMLP,181574,0,median,absolute,-0.01298621892929077,0.10563572645187379
unsw,unsw,DeepMLP,181574,0,median,signed_descending,-0.012988674640655515,-1.1920928955078125e-07
unsw,unsw,DeepMLP,181574,0,mean,absolute,-0.000782318909962972,0.37730687856674194
unsw,unsw,DeepMLP,181574,0,mean,signed_descending,-0.0007715423901875812,0.0028449535369873048
unsw,unsw,DeepMLP,187230,0,median,absolute,-0.0008017460505167643,0.054295523961385095
unsw,unsw,DeepMLP,187230,0,median,signed_descending,-0.000801380475362142,-3.5762786865234375e-07
unsw,unsw,DeepMLP,187230,0,mean,absolute,-7.907549540201823e-05,0.363036290804545
unsw,unsw,DeepMLP,187230,0,mean,signed_descending,-5.19275665283203e-05,0.005404905478159586
unsw,unsw,DeepMLP,366286,0,median,absolute,0.0,0.0
unsw,unsw,DeepMLP,366286,0,median,signed_descending,0.0,0.0
unsw,unsw,DeepMLP,366286,0,mean,absolute,7.152557373046875e-08,0.005789132912953694
unsw,unsw,DeepMLP,366286,0,mean,signed_descending,7.152557373046875e-08,0.005772840976715088
unsw,unsw,DeepMLP,427982,0,median,absolute,0.0,0.0
unsw,unsw,DeepMLP,427982,0,median,signed_descending,0.0,0.0
unsw,unsw,DeepMLP,427982,0,mean,absolute,1.4146169026692707e-06,0.0063583652178446455
unsw,unsw,DeepMLP,427982,0,mean,signed_descending,1.5497207641601562e-06,0.0063360571861267095
unsw,unsw,DeepMLP,553221,0,median,absolute,-1.4702479044596354e-05,0.04570350249608358
unsw,unsw,DeepMLP,553221,0,median,signed_descending,-1.594225565592448e-05,-1.1920928955078125e-07
unsw,unsw,DeepMLP,553221,0,mean,absolute,-1.426537831624349e-05,0.43415445486704507
unsw,unsw,DeepMLP,553221,0,mean,signed_descending,-1.0808308919270818e-06,0.002866538365681966
unsw,unsw,DeepMLP,664579,0,median,absolute,-0.00012996196746826172,0.03930349349975586
unsw,unsw,DeepMLP,664579,0,median,signed_descending,-0.00013318856557210286,-1.1920928955078125e-07
unsw,unsw,DeepMLP,664579,0,mean,absolute,-4.5510133107503253e-05,0.34073817332585654
unsw,unsw,DeepMLP,664579,0,mean,signed_descending,-3.989934921264648e-05,0.003692535559336345
unsw,unsw,DeepMLP,1028022,1,median,absolute,0.0437644879023234,0.02388390302658081
unsw,unsw,DeepMLP,1028022,1,median,signed_descending,0.06240816116333008,0.01592777172724406
unsw,unsw,DeepMLP,1028022,1,mean,absolute,0.03979298671086629,0.030649793148040772
unsw,unsw,DeepMLP,1028022,1,mean,signed_descending,0.055216189225514724,0.02469656070073446
unsw,unsw,DeepMLP,1048656,1,median,absolute,0.4358445207277934,0.012651956081390381
unsw,unsw,DeepMLP,1048656,1,median,signed_descending,0.5462984919548034,0.009982736905415854
unsw,unsw,DeepMLP,1048656,1,mean,absolute,0.4226109902064006,0.016397666931152344
unsw,unsw,DeepMLP,1048656,1,mean,signed_descending,0.5369828303654989,0.014375134309132892
unsw,unsw,DeepMLP,1058443,1,median,absolute,0.7933963418006896,0.03206538756688437
unsw,unsw,DeepMLP,1058443,1,median,signed_descending,0.7934040665626526,0.03032403389612834
unsw,unsw,DeepMLP,1058443,1,mean,absolute,0.7933835864067077,0.033753069241841634
unsw,unsw,DeepMLP,1058443,1,mean,signed_descending,0.793515380223592,0.029293827215830487
unsw,unsw,DeepMLP,1104934,0,median,absolute,0.0,0.0
unsw,unsw,DeepMLP,1104934,0,median,signed_descending,0.0,0.0
unsw,unsw,DeepMLP,1104934,0,mean,absolute,0.0,0.006177842617034912
unsw,unsw,DeepMLP,1104934,0,mean,signed_descending,0.0,0.0061794678370157875
unsw,unsw,DeepMLP,1236137,1,median,absolute,0.7979493737220764,0.03278973897298177
unsw,unsw,DeepMLP,1236137,1,median,signed_descending,0.7979541659355164,0.031589229901631675
unsw,unsw,DeepMLP,1236137,1,mean,absolute,0.7973627090454102,0.03714260260264079
unsw,unsw,DeepMLP,1236137,1,mean,signed_descending,0.7975258231163025,0.033050735791524254
unsw,unsw,DeepMLP,1245641,1,median,absolute,0.7848624189694723,0.0237749457359314
unsw,unsw,DeepMLP,1245641,1,median,signed_descending,0.7848625461260478,0.020420447985331217
unsw,unsw,DeepMLP,1245641,1,mean,absolute,0.7840355197588602,0.027788869539896646
unsw,unsw,DeepMLP,1245641,1,mean,signed_descending,0.7840383450190226,0.023168579737345377
unsw,unsw,DeepMLP,1423118,1,median,absolute,0.7930447419484455,0.022894295056660973
unsw,unsw,DeepMLP,1423118,1,median,signed_descending,0.7930481672286986,0.021423363685607915
unsw,unsw,DeepMLP,1423118,1,mean,absolute,0.7924922784169515,0.021938025951385498
unsw,unsw,DeepMLP,1423118,1,mean,signed_descending,0.7926045934359234,0.01790144443511963
unsw,unsw,DeepMLP,1476691,1,median,absolute,0.7987598180770874,0.21170099973678588
unsw,unsw,DeepMLP,1476691,1,median,signed_descending,0.7992877006530762,0.2162015318870544
unsw,unsw,DeepMLP,1476691,1,mean,absolute,0.3946277379989624,0.16598395109176636
unsw,unsw,DeepMLP,1476691,1,mean,signed_descending,0.7645690560340882,0.16636142333348594
unsw,unsw,DeepMLP,1547898,1,median,absolute,0.7974655946095784,0.21154272158940635
unsw,unsw,DeepMLP,1547898,1,median,signed_descending,0.798668130238851,0.21343581279118853
unsw,unsw,DeepMLP,1547898,1,mean,absolute,0.2350248336791992,0.16618219216664631
unsw,unsw,DeepMLP,1547898,1,mean,signed_descending,0.7349354704221089,0.1619952162106832
unsw,unsw,DeepMLP,1563527,0,median,absolute,-3.4519036610921224e-05,0.08509766658147176
unsw,unsw,DeepMLP,1563527,0,median,signed_descending,-3.580649693806966e-05,-1.1920928955078125e-07
unsw,unsw,DeepMLP,1563527,0,mean,absolute,9.218851725260413e-07,0.4400072733561198
unsw,unsw,DeepMLP,1563527,0,mean,signed_descending,8.042653401692707e-06,0.002869192759195964
unsw,unsw,DeepMLP,1849062,1,median,absolute,0.7969069560368857,0.0343003789583842
unsw,unsw,DeepMLP,1849062,1,median,signed_descending,0.7969085931777955,0.03255902528762818
unsw,unsw,DeepMLP,1849062,1,mean,absolute,0.795346220334371,0.0402785857518514
unsw,unsw,DeepMLP,1849062,1,mean,signed_descending,0.7954660058021544,0.036512243747711184
unsw,unsw,DeepMLP,1871037,0,median,absolute,0.0,0.0
unsw,unsw,DeepMLP,1871037,0,median,signed_descending,0.0,0.0
unsw,unsw,DeepMLP,1871037,0,mean,absolute,0.0,0.00579450527826945
unsw,unsw,DeepMLP,1871037,0,mean,signed_descending,7.947285970052083e-09,0.005775165557861328
unsw,unsw,DeepMLP,1942006,1,median,absolute,0.057421628634134934,0.2122790932655335
unsw,unsw,DeepMLP,1942006,1,median,signed_descending,0.3738123377164205,0.21397308111190796
unsw,unsw,DeepMLP,1942006,1,mean,absolute,0.0011482675870259603,0.1748101870218913
unsw,unsw,DeepMLP,1942006,1,mean,signed_descending,0.0315755804379781,0.17147823572158813
unsw,unsw,DeepMLP,1971157,0,median,absolute,0.0,0.0
unsw,unsw,DeepMLP,1971157,0,median,signed_descending,0.0,0.0
unsw,unsw,DeepMLP,1971157,0,mean,absolute,7.947285970052083e-08,0.005986217657725015
unsw,unsw,DeepMLP,1971157,0,mean,signed_descending,7.947285970052083e-08,0.005987842877705892
unsw,ids2018,DeepMLP,504154,1,median,absolute,0.77437527179718,0.0008448640505472818
unsw,ids2018,DeepMLP,504154,1,median,signed_descending,0.78034272591273,0.01679954528808594
unsw,ids2018,DeepMLP,504154,1,mean,absolute,0.6376579125722249,0.04859059651692708
unsw,ids2018,DeepMLP,504154,1,mean,signed_descending,0.7754275878270467,0.06531890630722047
unsw,ids2018,DeepMLP,526672,0,median,absolute,9.139378865559896e-07,0.0
unsw,ids2018,DeepMLP,526672,0,median,signed_descending,6.039937337239583e-07,0.0
unsw,ids2018,DeepMLP,526672,0,mean,absolute,3.2424926757812503e-06,0.0
unsw,ids2018,DeepMLP,526672,0,mean,signed_descending,1.426537831624349e-05,0.0
unsw,ids2018,DeepMLP,863548,1,median,absolute,0.7948274056116739,0.024900531768798823
unsw,ids2018,DeepMLP,863548,1,median,signed_descending,0.7948293765385945,0.022340480486551923
unsw,ids2018,DeepMLP,863548,1,mean,absolute,0.7918057441711426,0.07196146249771118
unsw,ids2018,DeepMLP,863548,1,mean,signed_descending,0.7918902675310772,0.0620960275332133
unsw,ids2018,DeepMLP,1247706,1,median,absolute,0.3407581488291423,-0.054694418112436936
unsw,ids2018,DeepMLP,1247706,1,median,signed_descending,0.3407606283823649,-0.053905928134918214
unsw,ids2018,DeepMLP,1247706,1,mean,absolute,0.40387119452158604,-0.10001783768335977
unsw,ids2018,DeepMLP,1247706,1,mean,signed_descending,0.40395421187082925,-0.13067713578542073
unsw,ids2018,DeepMLP,3202532,0,median,absolute,0.77466907898585,0.040136174360911055
unsw,ids2018,DeepMLP,3202532,0,median,signed_descending,0.7879755655924479,0.03548640410105387
unsw,ids2018,DeepMLP,3202532,0,mean,absolute,0.24944288730621342,0.09189407428105673
unsw,ids2018,DeepMLP,3202532,0,mean,signed_descending,0.6081211566925049,0.0889566699663798
unsw,ids2018,DeepMLP,3228906,0,median,absolute,0.587147076924642,0.0
unsw,ids2018,DeepMLP,3228906,0,median,signed_descending,0.7839216589927673,0.0
unsw,ids2018,DeepMLP,3228906,0,mean,absolute,0.5905921300252278,0.0
unsw,ids2018,DeepMLP,3228906,0,mean,signed_descending,0.7881309946378071,0.0
unsw,ids2018,DeepMLP,5124375,0,median,absolute,0.7136648853619895,0.012754352887471516
unsw,ids2018,DeepMLP,5124375,0,median,signed_descending,0.7761941313743592,0.02691748936971029
unsw,ids2018,DeepMLP,5124375,0,mean,absolute,0.4123397588729858,0.06005278031031291
unsw,ids2018,DeepMLP,5124375,0,mean,signed_descending,0.774322525660197,0.07806688149770101
unsw,ids2018,DeepMLP,5998673,1,median,absolute,0.7044854879379273,0.09433350960413615
unsw,ids2018,DeepMLP,5998673,1,median,signed_descending,0.7044854879379273,0.09800999959309896
unsw,ids2018,DeepMLP,5998673,1,mean,absolute,0.6962165832519531,0.05419615109761556
unsw,ids2018,DeepMLP,5998673,1,mean,signed_descending,0.6962167898813884,0.02493444681167602
unsw,ids2018,DeepMLP,6392601,0,median,absolute,5.324681599934896e-07,0.0
unsw,ids2018,DeepMLP,6392601,0,median,signed_descending,3.0994415283203126e-07,0.0
unsw,ids2018,DeepMLP,6392601,0,mean,absolute,2.0662943522135415e-06,0.0
unsw,ids2018,DeepMLP,6392601,0,mean,signed_descending,6.341934204101564e-06,0.0
unsw,ids2018,DeepMLP,8475280,1,median,absolute,0.7415242115656535,0.12184713284174602
unsw,ids2018,DeepMLP,8475280,1,median,signed_descending,0.7415321866671244,0.11776307026545207
unsw,ids2018,DeepMLP,8475280,1,mean,absolute,0.708588417371114,0.08220531145731608
unsw,ids2018,DeepMLP,8475280,1,mean,signed_descending,0.7091223239898682,0.05114202896753947
unsw,ids2018,DeepMLP,8535025,1,median,absolute,0.30152520338694255,-0.011943761507670084
unsw,ids2018,DeepMLP,8535025,1,median,signed_descending,0.30152520338694255,-0.008357532819112142
unsw,ids2018,DeepMLP,8535025,1,mean,absolute,0.36459694306055707,-0.059263400236765545
unsw,ids2018,DeepMLP,8535025,1,mean,signed_descending,0.36459712584813425,-0.09099358717600504
unsw,ids2018,DeepMLP,8632909,1,median,absolute,0.8217985431353251,-0.05654287735621135
unsw,ids2018,DeepMLP,8632909,1,median,signed_descending,0.8218013683954873,-0.05546718041102092
unsw,ids2018,DeepMLP,8632909,1,mean,absolute,0.7911955237388612,-0.1031354824701945
unsw,ids2018,DeepMLP,8632909,1,mean,signed_descending,0.7912839452425638,-0.13589152495066326
unsw,ids2018,DeepMLP,9041050,1,median,absolute,0.6006745934486389,-0.03129068613052368
unsw,ids2018,DeepMLP,9041050,1,median,signed_descending,0.6006780703862508,-0.02903967301050822
unsw,ids2018,DeepMLP,9041050,1,mean,absolute,0.6384573698043824,-0.06565327246983846
unsw,ids2018,DeepMLP,9041050,1,mean,signed_descending,0.6385674039522807,-0.0950831095377604
unsw,ids2018,DeepMLP,9563273,0,median,absolute,0.5934475382169088,0.0
unsw,ids2018,DeepMLP,9563273,0,median,signed_descending,0.7905414223670958,0.0
unsw,ids2018,DeepMLP,9563273,0,mean,absolute,0.5947445909182231,0.0
unsw,ids2018,DeepMLP,9563273,0,mean,signed_descending,0.7930596470832825,0.0
unsw,ids2018,DeepMLP,9850776,0,median,absolute,0.5236292640368144,0.0
unsw,ids2018,DeepMLP,9850776,0,median,signed_descending,0.7863267540931703,0.0
unsw,ids2018,DeepMLP,9850776,0,mean,absolute,0.526866094271342,0.0
unsw,ids2018,DeepMLP,9850776,0,mean,signed_descending,0.7906314571698507,0.0
unsw,ids2018,DeepMLP,13843066,0,median,absolute,0.8006469209988912,0.033137373129526776
unsw,ids2018,DeepMLP,13843066,0,median,signed_descending,0.8006477554639181,0.028841813405354817
unsw,ids2018,DeepMLP,13843066,0,mean,absolute,0.8003050605456034,0.05013060967127483
unsw,ids2018,DeepMLP,13843066,0,mean,signed_descending,0.8003195961316426,0.044606717427571614
unsw,ids2018,DeepMLP,15077162,0,median,absolute,0.7997718373934428,0.03534003496170044
unsw,ids2018,DeepMLP,15077162,0,median,signed_descending,0.7998017509778341,0.03789023160934448
unsw,ids2018,DeepMLP,15077162,0,mean,absolute,0.7646780331929525,0.08276990254720051
unsw,ids2018,DeepMLP,15077162,0,mean,signed_descending,0.7996372540791831,0.089272936185201
unsw,ids2018,DeepMLP,15680092,1,median,absolute,0.8929971893628439,0.187030295530955
unsw,ids2018,DeepMLP,15680092,1,median,signed_descending,0.8929971893628439,0.18988421758015953
unsw,ids2018,DeepMLP,15680092,1,mean,absolute,0.938900625705719,0.1477410872777303
unsw,ids2018,DeepMLP,15680092,1,mean,signed_descending,0.9389011740684509,0.11066872278849284
unsw,ids2018,DeepMLP,16435528,0,median,absolute,0.5904988288879395,0.0
unsw,ids2018,DeepMLP,16435528,0,median,signed_descending,0.7857712626457213,0.0
unsw,ids2018,DeepMLP,16435528,0,mean,absolute,0.5926212430000305,0.0
unsw,ids2018,DeepMLP,16435528,0,mean,signed_descending,0.7892928123474121,0.0
unsw,ids2018,DeepMLP,16716642,1,median,absolute,0.7585496703783671,0.08901151418685911
unsw,ids2018,DeepMLP,16716642,1,median,signed_descending,0.7585496703783671,0.09211141665776572
unsw,ids2018,DeepMLP,16716642,1,mean,absolute,0.7710390051205954,0.054648927847544354
unsw,ids2018,DeepMLP,16716642,1,mean,signed_descending,0.7710391283035278,0.02655763626098633
unsw,unsw,FeatureCNN,181574,0,median,absolute,-2.7263164520263674e-05,0.00040693283081054686
unsw,unsw,FeatureCNN,181574,0,median,signed_descending,2.195437749226888e-05,-2.3523966471354168e-06
unsw,unsw,FeatureCNN,181574,0,mean,absolute,-4.800160725911457e-06,0.001164543628692627
unsw,unsw,FeatureCNN,181574,0,mean,signed_descending,0.00016868511835734046,2.384185791015625e-05
unsw,unsw,FeatureCNN,187230,0,median,absolute,-0.00037782986958821615,0.0003521442413330078
unsw,unsw,FeatureCNN,187230,0,median,signed_descending,-0.00030098358790079754,-7.851918538411458e-06
unsw,unsw,FeatureCNN,187230,0,mean,absolute,-0.00011223554611206056,0.0010339975357055663
unsw,unsw,FeatureCNN,187230,0,mean,signed_descending,0.00018561283747355146,2.0885467529296877e-05
unsw,unsw,FeatureCNN,366286,0,median,absolute,1.112620035807292e-07,2.6226043701171875e-06
unsw,unsw,FeatureCNN,366286,0,median,signed_descending,4.529953002929687e-07,2.4557113647460935e-06
unsw,unsw,FeatureCNN,366286,0,mean,absolute,1.514752705891927e-05,4.67220942179362e-05
unsw,unsw,FeatureCNN,366286,0,mean,signed_descending,3.544489542643229e-05,4.432201385498047e-05
unsw,unsw,FeatureCNN,427982,0,median,absolute,3.894170125325521e-06,-2.2172927856445312e-05
unsw,unsw,FeatureCNN,427982,0,median,signed_descending,5.364418029785156e-06,-2.2292137145996094e-05
unsw,unsw,FeatureCNN,427982,0,mean,absolute,0.00024766524632771815,1.9860267639160156e-05
unsw,unsw,FeatureCNN,427982,0,mean,signed_descending,0.0003391106923421224,1.9009908040364584e-05
unsw,unsw,FeatureCNN,553221,0,median,absolute,-7.933775583902994e-05,0.00040620962778727213
unsw,unsw,FeatureCNN,553221,0,median,signed_descending,3.1590461730957024e-05,-4.514058430989583e-06
unsw,unsw,FeatureCNN,553221,0,mean,absolute,-1.583099365234375e-05,0.0012562712033589681
unsw,unsw,FeatureCNN,553221,0,mean,signed_descending,0.00026800235112508136,2.5574366251627604e-05
unsw,unsw,FeatureCNN,664579,0,median,absolute,-0.00012078682581583658,0.00022047758102416992
unsw,unsw,FeatureCNN,664579,0,median,signed_descending,-0.00010564724604288736,-1.8119812011718747e-06
unsw,unsw,FeatureCNN,664579,0,mean,absolute,-1.0462601979573568e-05,0.000668656826019287
unsw,unsw,FeatureCNN,664579,0,mean,signed_descending,7.87059466044108e-05,2.4843215942382813e-05
unsw,unsw,FeatureCNN,1028022,1,median,absolute,0.34230933984120687,0.1708984375
unsw,unsw,FeatureCNN,1028022,1,median,signed_descending,0.40975042184193927,0.16970486243565874
unsw,unsw,FeatureCNN,1028022,1,mean,absolute,0.2571395874023437,0.062226621309916186
unsw,unsw,FeatureCNN,1028022,1,mean,signed_descending,0.3313165664672852,0.06147219737370809
unsw,unsw,FeatureCNN,1048656,1,median,absolute,0.7624572038650513,0.19147423108418782
unsw,unsw,FeatureCNN,1048656,1,median,signed_descending,0.7624744256337485,0.1914742072423299
unsw,unsw,FeatureCNN,1048656,1,mean,absolute,0.7276552001635234,0.0923401673634847
unsw,unsw,FeatureCNN,1048656,1,mean,signed_descending,0.7276986757914226,0.09234013557434083
unsw,unsw,FeatureCNN,1058443,1,median,absolute,0.8383451422055562,0.1983078122138977
unsw,unsw,FeatureCNN,1058443,1,median,signed_descending,0.8384205659230549,0.1942047556241353
unsw,unsw,FeatureCNN,1058443,1,mean,absolute,0.7826164444287619,0.10980520645777385
unsw,unsw,FeatureCNN,1058443,1,mean,signed_descending,0.7828795830408731,0.10228053331375124
unsw,unsw,FeatureCNN,1104934,0,median,absolute,4.00543212890625e-06,-1.6641616821289062e-05
unsw,unsw,FeatureCNN,1104934,0,median,signed_descending,8.153915405273436e-06,-1.728534698486328e-05
unsw,unsw,FeatureCNN,1104934,0,mean,absolute,5.459785461425781e-05,2.5320053100585938e-05
unsw,unsw,FeatureCNN,1104934,0,mean,signed_descending,9.775559107462565e-05,2.1115938822428385e-05
unsw,unsw,FeatureCNN,1236137,1,median,absolute,0.8524855812390646,0.1980250080426534
unsw,unsw,FeatureCNN,1236137,1,median,signed_descending,0.8525954008102418,0.19429592688878375
unsw,unsw,FeatureCNN,1236137,1,mean,absolute,0.8280631383260091,0.10968873103459677
unsw,unsw,FeatureCNN,1236137,1,mean,signed_descending,0.8284353852272034,0.10278039375940957
unsw,unsw,FeatureCNN,1245641,1,median,absolute,0.7060753464698792,0.19054774443308511
unsw,unsw,FeatureCNN,1245641,1,median,signed_descending,0.7062668800354004,0.1878792921702067
unsw,unsw,FeatureCNN,1245641,1,mean,absolute,0.7152841250101725,0.10199385484059653
unsw,unsw,FeatureCNN,1245641,1,mean,signed_descending,0.7160424192746481,0.09716742436091107
unsw,unsw,FeatureCNN,1423118,1,median,absolute,0.9041936794916788,0.18778960307439166
unsw,unsw,FeatureCNN,1423118,1,median,signed_descending,0.9042334953943888,0.18499361673990886
unsw,unsw,FeatureCNN,1423118,1,mean,absolute,0.8899403929710389,0.09017950693766276
unsw,unsw,FeatureCNN,1423118,1,mean,signed_descending,0.890143644809723,0.08419588406880696
unsw,unsw,FeatureCNN,1476691,1,median,absolute,0.7423131306966146,0.48949402968088784
unsw,unsw,FeatureCNN,1476691,1,median,signed_descending,0.7433132608731587,0.45177496671676637
unsw,unsw,FeatureCNN,1476691,1,mean,absolute,0.7418209989865621,0.33387523492177323
unsw,unsw,FeatureCNN,1476691,1,mean,signed_descending,0.750426999727885,0.24991631507873535
unsw,unsw,FeatureCNN,1547898,1,median,absolute,0.7670480330785115,0.4905335386594136
unsw,unsw,FeatureCNN,1547898,1,median,signed_descending,0.769810410340627,0.4701712489128113
unsw,unsw,FeatureCNN,1547898,1,mean,absolute,0.7513000885645549,0.3337145090103149
unsw,unsw,FeatureCNN,1547898,1,mean,signed_descending,0.7759039918581644,0.25300627152125044
unsw,unsw,FeatureCNN,1563527,0,median,absolute,-9.150902430216471e-05,0.0005046963691711426
unsw,unsw,FeatureCNN,1563527,0,median,signed_descending,-7.764895757039388e-05,-2.9961268107096358e-06
unsw,unsw,FeatureCNN,1563527,0,mean,absolute,-3.159046173095703e-05,0.0016047517458597819
unsw,unsw,FeatureCNN,1563527,0,mean,signed_descending,4.7016143798828116e-05,2.5765101114908853e-05
unsw,unsw,FeatureCNN,1849062,1,median,absolute,0.9191757758458455,0.19615801175435385
unsw,unsw,FeatureCNN,1849062,1,median,signed_descending,0.9192169706026713,0.1919784069061279
unsw,unsw,FeatureCNN,1849062,1,mean,absolute,0.8860921303431194,0.09662386973698933
unsw,unsw,FeatureCNN,1849062,1,mean,signed_descending,0.8862027963002523,0.09177841742833455
unsw,unsw,FeatureCNN,1871037,0,median,absolute,4.357496897379557e-05,-7.126331329345704e-05
unsw,unsw,FeatureCNN,1871037,0,median,signed_descending,7.007916768391927e-05,-7.500648498535155e-05
unsw,unsw,FeatureCNN,1871037,0,mean,absolute,0.00015920400619506836,-1.9979476928710937e-05
unsw,unsw,FeatureCNN,1871037,0,mean,signed_descending,0.0003287792205810547,-3.442764282226562e-05
unsw,unsw,FeatureCNN,1942006,1,median,absolute,0.6773108839988708,0.45530877510706586
unsw,unsw,FeatureCNN,1942006,1,median,signed_descending,0.6825138688087463,0.370181413491567
unsw,unsw,FeatureCNN,1942006,1,mean,absolute,0.7136354009310404,0.2991119464238485
unsw,unsw,FeatureCNN,1942006,1,mean,signed_descending,0.7381931265195211,0.23214945395787556
unsw,unsw,FeatureCNN,1971157,0,median,absolute,2.769629160563151e-05,-9.435812632242838e-05
unsw,unsw,FeatureCNN,1971157,0,median,signed_descending,3.271102905273438e-05,-9.560585021972656e-05
unsw,unsw,FeatureCNN,1971157,0,mean,absolute,0.00023184219996134445,-4.706382751464844e-05
unsw,unsw,FeatureCNN,1971157,0,mean,signed_descending,0.0003188610076904297,-5.465348561604818e-05
unsw,ids2018,FeatureCNN,504154,1,median,absolute,0.7519737362861635,0.2096889853477478
unsw,ids2018,FeatureCNN,504154,1,median,signed_descending,0.7556077241897583,0.20900307099024454
unsw,ids2018,FeatureCNN,504154,1,mean,absolute,0.6685069481531779,0.1438448190689087
unsw,ids2018,FeatureCNN,504154,1,mean,signed_descending,0.6768180290857951,0.14310014645258587
unsw,ids2018,FeatureCNN,526672,0,median,absolute,2.8292338053385418e-06,0.0
unsw,ids2018,FeatureCNN,526672,0,median,signed_descending,4.013379414876302e-05,0.0
unsw,ids2018,FeatureCNN,526672,0,mean,absolute,1.7944971720377604e-05,0.0
unsw,ids2018,FeatureCNN,526672,0,mean,signed_descending,0.00024633010228474936,0.0
unsw,ids2018,FeatureCNN,863548,1,median,absolute,0.7547786076863607,0.20784953435262044
unsw,ids2018,FeatureCNN,863548,1,median,signed_descending,0.7562154372533163,0.2076534350713094
unsw,ids2018,FeatureCNN,863548,1,mean,absolute,0.6974297920862833,0.1433037797609965
unsw,ids2018,FeatureCNN,863548,1,mean,signed_descending,0.6988199631373088,0.14319714705149333
unsw,ids2018,FeatureCNN,1247706,1,median,absolute,0.4933769265810648,0.40964096784591675
unsw,ids2018,FeatureCNN,1247706,1,median,signed_descending,0.4940923730532328,0.34331480662027997
unsw,ids2018,FeatureCNN,1247706,1,mean,absolute,0.5198791027069092,0.33475120464960734
unsw,ids2018,FeatureCNN,1247706,1,mean,signed_descending,0.5267763535181682,0.1772928357124329
unsw,ids2018,FeatureCNN,3202532,0,median,absolute,0.6488991856575012,0.21424431800842283
unsw,ids2018,FeatureCNN,3202532,0,median,signed_descending,0.6491054733594258,0.21059333483378093
unsw,ids2018,FeatureCNN,3202532,0,mean,absolute,0.6314262787501018,0.1632081906000773
unsw,ids2018,FeatureCNN,3202532,0,mean,signed_descending,0.6336610635121662,0.14837739864985147
unsw,ids2018,FeatureCNN,3228906,0,median,absolute,5.133946736653645e-06,1.5894571940104166e-08
unsw,ids2018,FeatureCNN,3228906,0,median,signed_descending,0.0002181529998779297,1.5894571940104166e-08
unsw,ids2018,FeatureCNN,3228906,0,mean,absolute,2.1417935689290363e-05,9.536743164062499e-08
unsw,ids2018,FeatureCNN,3228906,0,mean,signed_descending,0.001087498664855957,9.536743164062499e-08
unsw,ids2018,FeatureCNN,5124375,0,median,absolute,0.7836929162343343,0.20869098901748653
unsw,ids2018,FeatureCNN,5124375,0,median,signed_descending,0.784766936302185,0.20841005643208824
unsw,ids2018,FeatureCNN,5124375,0,mean,absolute,0.7388911485671997,0.14606037139892578
unsw,ids2018,FeatureCNN,5124375,0,mean,signed_descending,0.7439783453941345,0.1455085794130961
unsw,ids2018,FeatureCNN,5998673,1,median,absolute,0.7422168453534445,0.41780313650767004
unsw,ids2018,FeatureCNN,5998673,1,median,signed_descending,0.7424927512804667,0.3359710176785787
unsw,ids2018,FeatureCNN,5998673,1,mean,absolute,0.7054587602615356,0.3169556697209676
unsw,ids2018,FeatureCNN,5998673,1,mean,signed_descending,0.7076393365859985,0.18464911381403604
unsw,ids2018,FeatureCNN,6392601,0,median,absolute,3.39349110921224e-06,3.178914388020833e-08
unsw,ids2018,FeatureCNN,6392601,0,median,signed_descending,5.546410878499349e-05,3.178914388020833e-08
unsw,ids2018,FeatureCNN,6392601,0,mean,absolute,1.3518333435058593e-05,1.9073486328124998e-07
unsw,ids2018,FeatureCNN,6392601,0,mean,signed_descending,0.00020943482716878254,1.9073486328124998e-07
unsw,ids2018,FeatureCNN,8475280,1,median,absolute,0.8427911202112833,0.37014189163843786
unsw,ids2018,FeatureCNN,8475280,1,median,signed_descending,0.8443915367126466,0.3090301195780436
unsw,ids2018,FeatureCNN,8475280,1,mean,absolute,0.7881609002749125,0.23738005956013997
unsw,ids2018,FeatureCNN,8475280,1,mean,signed_descending,0.7929691831270853,0.16004310846328737
unsw,ids2018,FeatureCNN,8535025,1,median,absolute,0.47048139174779263,0.42467986345291137
unsw,ids2018,FeatureCNN,8535025,1,median,signed_descending,0.47292775710423784,0.33304919401804606
unsw,ids2018,FeatureCNN,8535025,1,mean,absolute,0.5098225613435109,0.3017789006233215
unsw,ids2018,FeatureCNN,8535025,1,mean,signed_descending,0.5220955510934193,0.20142209132512412
unsw,ids2018,FeatureCNN,8632909,1,median,absolute,0.9014780879020691,0.42034252484639484
unsw,ids2018,FeatureCNN,8632909,1,median,signed_descending,0.903122087319692,0.2958842277526856
unsw,ids2018,FeatureCNN,8632909,1,mean,absolute,0.8649227937062581,0.3157861550649007
unsw,ids2018,FeatureCNN,8632909,1,mean,signed_descending,0.8723340670267742,0.16283957163492838
unsw,ids2018,FeatureCNN,9041050,1,median,absolute,0.6958226799964904,0.4373700658480327
unsw,ids2018,FeatureCNN,9041050,1,median,signed_descending,0.6968177119890848,0.3298407395680745
unsw,ids2018,FeatureCNN,9041050,1,mean,absolute,0.7130787253379821,0.31249085267384846
unsw,ids2018,FeatureCNN,9041050,1,mean,signed_descending,0.7185464779535929,0.1761107405026754
unsw,ids2018,FeatureCNN,9563273,0,median,absolute,4.8319498697916664e-06,1.5894571940104166e-08
unsw,ids2018,FeatureCNN,9563273,0,median,signed_descending,9.062687555948892e-05,1.5894571940104166e-08
unsw,ids2018,FeatureCNN,9563273,0,mean,absolute,2.692540486653646e-05,9.536743164062499e-08
unsw,ids2018,FeatureCNN,9563273,0,mean,signed_descending,0.00042885541915893555,9.536743164062499e-08
unsw,ids2018,FeatureCNN,9850776,0,median,absolute,3.3855438232421878e-06,3.178914388020833e-08
unsw,ids2018,FeatureCNN,9850776,0,median,signed_descending,8.177757263183594e-05,3.178914388020833e-08
unsw,ids2018,FeatureCNN,9850776,0,mean,absolute,1.770655314127604e-05,1.9073486328124998e-07
unsw,ids2018,FeatureCNN,9850776,0,mean,signed_descending,0.00029657284418741864,1.9073486328124998e-07
unsw,ids2018,FeatureCNN,13843066,0,median,absolute,0.8804121295611065,0.19570981661478679
unsw,ids2018,FeatureCNN,13843066,0,median,signed_descending,0.880412228902181,0.19558972120285034
unsw,ids2018,FeatureCNN,13843066,0,mean,absolute,0.8659170548121135,0.1359114448229472
unsw,ids2018,FeatureCNN,13843066,0,mean,signed_descending,0.8659175634384155,0.13585380713144937
unsw,ids2018,FeatureCNN,15077162,0,median,absolute,0.8054491440455118,0.2142522692680359
unsw,ids2018,FeatureCNN,15077162,0,median,signed_descending,0.8054491440455118,0.2142522692680359
unsw,ids2018,FeatureCNN,15077162,0,mean,absolute,0.7901290655136108,0.14572693506876627
unsw,ids2018,FeatureCNN,15077162,0,mean,signed_descending,0.7901290655136108,0.14572693506876627
unsw,ids2018,FeatureCNN,15680092,1,median,absolute,0.8322476863861082,0.3890723466873169
unsw,ids2018,FeatureCNN,15680092,1,median,signed_descending,0.8399628241856893,0.2987683057785034
unsw,ids2018,FeatureCNN,15680092,1,mean,absolute,0.764299903313319,0.31533572673797605
unsw,ids2018,FeatureCNN,15680092,1,mean,signed_descending,0.7901801248391469,0.16827675104141235
unsw,ids2018,FeatureCNN,16435528,0,median,absolute,6.206830342610677e-06,3.178914388020833e-08
unsw,ids2018,FeatureCNN,16435528,0,median,signed_descending,0.0001619736353556315,3.178914388020833e-08
unsw,ids2018,FeatureCNN,16435528,0,mean,absolute,3.37521235148112e-05,1.9073486328124998e-07
unsw,ids2018,FeatureCNN,16435528,0,mean,signed_descending,0.0006714224815368653,1.9073486328124998e-07
unsw,ids2018,FeatureCNN,16716642,1,median,absolute,0.7951647798220316,0.4117543299992879
unsw,ids2018,FeatureCNN,16716642,1,median,signed_descending,0.7955009500185648,0.3084627389907837
unsw,ids2018,FeatureCNN,16716642,1,mean,absolute,0.7980339447657268,0.2629714528719584
unsw,ids2018,FeatureCNN,16716642,1,mean,signed_descending,0.7992967406908672,0.17286203702290856
unsw,unsw,RandomForest,181574,0,median,absolute,0.004159151727354702,0.011011612120872094
unsw,unsw,RandomForest,181574,0,median,signed_descending,0.017745360215409883,-0.000693534136247953
unsw,unsw,RandomForest,181574,0,mean,absolute,0.0033691315119806675,0.10178170968637683
unsw,unsw,RandomForest,181574,0,mean,signed_descending,0.011095154388209225,0.08900051198987202
unsw,unsw,RandomForest,187230,0,median,absolute,-0.012029663559489054,0.011650474079411999
unsw,unsw,RandomForest,187230,0,median,signed_descending,0.0016427732175118732,-5.467217770804833e-05
unsw,unsw,RandomForest,187230,0,mean,absolute,-0.00874563792507419,0.10242057164491673
unsw,unsw,RandomForest,187230,0,mean,signed_descending,-0.0009736406640506803,0.08963937394841193
unsw,unsw,RandomForest,366286,0,median,absolute,0.0,0.0
unsw,unsw,RandomForest,366286,0,median,signed_descending,0.0,0.0
unsw,unsw,RandomForest,366286,0,mean,absolute,0.015396041987211541,0.09057221350599876
unsw,unsw,RandomForest,366286,0,mean,signed_descending,0.03112910518071098,0.07683483156937367
unsw,unsw,RandomForest,427982,0,median,absolute,0.0,0.0
unsw,unsw,RandomForest,427982,0,median,signed_descending,0.0,0.0
unsw,unsw,RandomForest,427982,0,mean,absolute,0.01462907200497144,0.0918581029027219
unsw,unsw,RandomForest,427982,0,mean,signed_descending,0.001960255579975834,0.1007261279095009
unsw,unsw,RandomForest,553221,0,median,absolute,0.005784714872020508,0.011705146257120047
unsw,unsw,RandomForest,553221,0,median,signed_descending,0.01946107912777605,0.0
unsw,unsw,RandomForest,553221,0,mean,absolute,-0.0021036453476734225,0.10247524382262481
unsw,unsw,RandomForest,553221,0,mean,signed_descending,0.005672279392104705,0.09038758305862715
unsw,unsw,RandomForest,664579,0,median,absolute,-0.00663147181042414,0.011011612120872094
unsw,unsw,RandomForest,664579,0,median,signed_descending,0.006954454010723643,-0.000693534136247953
unsw,unsw,RandomForest,664579,0,mean,absolute,-0.023669944016651134,0.10178170968637686
unsw,unsw,RandomForest,664579,0,mean,signed_descending,-0.01594420380733011,0.0883069750573648
unsw,unsw,RandomForest,1028022,1,median,absolute,0.6728130644839131,0.4342792233375275
unsw,unsw,RandomForest,1028022,1,median,signed_descending,0.6798026602316654,0.42705821760472534
unsw,unsw,RandomForest,1028022,1,mean,absolute,0.7347361713660442,0.2071357637201212
unsw,unsw,RandomForest,1028022,1,mean,signed_descending,0.738493299963945,0.20079921356553476
unsw,unsw,RandomForest,1048656,1,median,absolute,0.7563445431355392,0.4386525175257641
unsw,unsw,RandomForest,1048656,1,median,signed_descending,0.7581547655095514,0.4325945469830861
unsw,unsw,RandomForest,1048656,1,mean,absolute,0.8731632989498165,0.21150905790835786
unsw,unsw,RandomForest,1048656,1,mean,signed_descending,0.8749735213238288,0.20583692921612715
unsw,unsw,RandomForest,1058443,1,median,absolute,0.620981528131992,0.43071769898863277
unsw,unsw,RandomForest,1058443,1,median,signed_descending,0.6283474496422258,0.42056276386931285
unsw,unsw,RandomForest,1058443,1,mean,absolute,0.6434616239511257,0.20271447124040262
unsw,unsw,RandomForest,1058443,1,mean,signed_descending,0.6567709317828146,0.19840393732490988
unsw,unsw,RandomForest,1104934,0,median,absolute,0.0,0.0
unsw,unsw,RandomForest,1104934,0,median,signed_descending,0.0,0.0
unsw,unsw,RandomForest,1104934,0,mean,absolute,0.019809592739963255,0.0905722135059988
unsw,unsw,RandomForest,1104934,0,mean,signed_descending,0.03360433670963344,0.0768348315693737
unsw,unsw,RandomForest,1236137,1,median,absolute,0.5672040060404655,0.43147501563110424
unsw,unsw,RandomForest,1236137,1,median,signed_descending,0.5729235108352725,0.42128033609176024
unsw,unsw,RandomForest,1236137,1,mean,absolute,0.7056375942174711,0.20359217943805855
unsw,unsw,RandomForest,1236137,1,mean,signed_descending,0.7173570990122781,0.1991215095473572
unsw,unsw,RandomForest,1245641,1,median,absolute,0.5927641566308651,0.4277122659461596
unsw,unsw,RandomForest,1245641,1,median,signed_descending,0.6005056029045733,0.4175175864068155
unsw,unsw,RandomForest,1245641,1,mean,absolute,0.5859511530875574,0.19982942975311394
unsw,unsw,RandomForest,1245641,1,mean,signed_descending,0.6012939277595221,0.19535875986241258
unsw,unsw,RandomForest,1423118,1,median,absolute,0.5793200335781963,0.4202586482798519
unsw,unsw,RandomForest,1423118,1,median,signed_descending,0.5870647251698556,0.409794169459693
unsw,unsw,RandomForest,1423118,1,mean,absolute,0.7253413297944511,0.19177496191903579
unsw,unsw,RandomForest,1423118,1,mean,signed_descending,0.739004211323539,0.18763534291529002
unsw,unsw,RandomForest,1476691,1,median,absolute,0.5852602563533461,0.41158167517149485
unsw,unsw,RandomForest,1476691,1,median,signed_descending,0.5852602563533461,0.4115816751714949
unsw,unsw,RandomForest,1476691,1,mean,absolute,0.5493116512209266,0.2283108243297121
unsw,unsw,RandomForest,1476691,1,mean,signed_descending,0.5493116512209266,0.22831082432971206
unsw,unsw,RandomForest,1547898,1,median,absolute,0.7045169042771818,0.4095157909839678
unsw,unsw,RandomForest,1547898,1,median,signed_descending,0.7045169042771816,0.4095157909839678
unsw,unsw,RandomForest,1547898,1,mean,absolute,0.6476639604501532,0.22624494014218502
unsw,unsw,RandomForest,1547898,1,mean,signed_descending,0.6476639604501533,0.22624494014218496
unsw,unsw,RandomForest,1563527,0,median,absolute,-0.0018370872872748231,0.011650474079411999
unsw,unsw,RandomForest,1563527,0,median,signed_descending,0.012956048348290701,-5.467217770804833e-05
unsw,unsw,RandomForest,1563527,0,mean,absolute,0.0033480075050317183,0.10242057164491673
unsw,unsw,RandomForest,1563527,0,mean,signed_descending,0.012199624969572534,0.08963937394841189
unsw,unsw,RandomForest,1849062,1,median,absolute,0.7396268728024986,0.4184298021632748
unsw,unsw,RandomForest,1849062,1,median,signed_descending,0.7396268728024985,0.4184298021632748
unsw,unsw,RandomForest,1849062,1,mean,absolute,0.7155380803865629,0.19627097561887172
unsw,unsw,RandomForest,1849062,1,mean,signed_descending,0.7155380803865627,0.19627097561887172
unsw,unsw,RandomForest,1871037,0,median,absolute,0.0,0.0
unsw,unsw,RandomForest,1871037,0,median,signed_descending,0.0,0.0
unsw,unsw,RandomForest,1871037,0,mean,absolute,0.01978705192526638,0.09185810290272191
unsw,unsw,RandomForest,1871037,0,mean,signed_descending,0.035482729491286086,0.07486228739210614
unsw,unsw,RandomForest,1942006,1,median,absolute,0.5211973567814588,0.408788341897156
unsw,unsw,RandomForest,1942006,1,median,signed_descending,0.5211973567814588,0.408788341897156
unsw,unsw,RandomForest,1942006,1,mean,absolute,0.5044386876453764,0.22551749105537322
unsw,unsw,RandomForest,1942006,1,mean,signed_descending,0.5044386876453764,0.22551749105537322
unsw,unsw,RandomForest,1971157,0,median,absolute,0.0,0.0
unsw,unsw,RandomForest,1971157,0,median,signed_descending,0.0,0.0
unsw,unsw,RandomForest,1971157,0,mean,absolute,0.009783553890420864,0.09442988169616821
unsw,unsw,RandomForest,1971157,0,mean,signed_descending,0.029495042330819645,0.07665999124064225
unsw,ids2018,RandomForest,504154,1,median,absolute,-0.24570410821763197,0.06102976761512376
unsw,ids2018,RandomForest,504154,1,median,signed_descending,0.0314173075706513,-0.35900937336896344
unsw,ids2018,RandomForest,504154,1,mean,absolute,-0.2067059954401457,0.2566366687787416
unsw,ids2018,RandomForest,504154,1,mean,signed_descending,0.3044475852415991,-0.32613069219278884
unsw,ids2018,RandomForest,526672,0,median,absolute,-0.0044655211501288886,0.007395143378979706
unsw,ids2018,RandomForest,526672,0,median,signed_descending,0.005532164561394735,-0.0057159604556823685
unsw,ids2018,RandomForest,526672,0,mean,absolute,-0.004326852678969152,0.1022741773107974
unsw,ids2018,RandomForest,526672,0,mean,signed_descending,0.0017092432175554878,0.09018651654679971
unsw,ids2018,RandomForest,863548,1,median,absolute,-0.1152006625091714,0.20852238019284042
unsw,ids2018,RandomForest,863548,1,median,signed_descending,0.05779606111239013,-0.1784405825172014
unsw,ids2018,RandomForest,863548,1,mean,absolute,-0.12102507400898314,0.4491992821287288
unsw,ids2018,RandomForest,863548,1,mean,signed_descending,0.20478489255303198,-0.14916432778542119
unsw,ids2018,RandomForest,1247706,1,median,absolute,-0.18748487914828058,0.05699272695895665
unsw,ids2018,RandomForest,1247706,1,median,signed_descending,0.15241843639290012,-0.31992235190579915
unsw,ids2018,RandomForest,1247706,1,mean,absolute,-0.1764510787598287,0.2571062369734825
unsw,ids2018,RandomForest,1247706,1,mean,signed_descending,0.37820911037384747,-0.26114179726868786
unsw,ids2018,RandomForest,3202532,0,median,absolute,-0.2532690524510021,-0.01793474414995463
unsw,ids2018,RandomForest,3202532,0,median,signed_descending,0.06284646609460819,-0.4386626830507436
unsw,ids2018,RandomForest,3202532,0,mean,absolute,-0.2318252951189599,0.18136611785202508
unsw,ids2018,RandomForest,3202532,0,mean,signed_descending,0.35493392715249805,-0.38373466348028007
unsw,ids2018,RandomForest,3228906,0,median,absolute,0.0069973282045638465,-0.0388378572596211
unsw,ids2018,RandomForest,3228906,0,median,signed_descending,0.015079459776112308,-0.05194896109428317
unsw,ids2018,RandomForest,3228906,0,mean,absolute,0.011479325232596404,0.05604117667219657
unsw,ids2018,RandomForest,3228906,0,mean,signed_descending,0.014803443931371778,0.043953515908198904
unsw,ids2018,RandomForest,5124375,0,median,absolute,-0.2782127056313166,-0.011414157529504558
unsw,ids2018,RandomForest,5124375,0,median,signed_descending,0.037908682834470665,-0.4321420964302935
unsw,ids2018,RandomForest,5124375,0,mean,absolute,-0.2484385489975455,0.18411259511091585
unsw,ids2018,RandomForest,5124375,0,mean,signed_descending,0.2873329464003172,-0.38967889808838385
unsw,ids2018,RandomForest,5998673,1,median,absolute,-0.2850456910467069,0.026870941876149065
unsw,ids2018,RandomForest,5998673,1,median,signed_descending,0.0931225519484623,-0.3500441369886067
unsw,ids2018,RandomForest,5998673,1,mean,absolute,-0.26956947936724257,0.22698445189067495
unsw,ids2018,RandomForest,5998673,1,mean,signed_descending,0.3192820328099548,-0.2912635823514953
unsw,ids2018,RandomForest,6392601,0,median,absolute,-0.001919680529519718,0.00756288799300051
unsw,ids2018,RandomForest,6392601,0,median,signed_descending,0.007462179730205059,-0.005548215841661565
unsw,ids2018,RandomForest,6392601,0,mean,absolute,0.007094385834603377,0.1024419219248182
unsw,ids2018,RandomForest,6392601,0,mean,signed_descending,0.010572963901618429,0.08966072422831334
unsw,ids2018,RandomForest,8475280,1,median,absolute,-0.3016254805167519,0.03222555641424185
unsw,ids2018,RandomForest,8475280,1,median,signed_descending,0.06361696070478094,-0.3509348987364376
unsw,ids2018,RandomForest,8475280,1,mean,absolute,-0.28990817152652865,0.23398588448461433
unsw,ids2018,RandomForest,8475280,1,mean,signed_descending,0.27910385940709487,-0.2909171165044701
unsw,ids2018,RandomForest,8535025,1,median,absolute,-0.2153623801542649,0.03509936644088739
unsw,ids2018,RandomForest,8535025,1,median,signed_descending,0.1402504973050561,-0.3486395345747659
unsw,ids2018,RandomForest,8535025,1,mean,absolute,-0.2150864280422484,0.23692136767712005
unsw,ids2018,RandomForest,8535025,1,mean,signed_descending,0.33126017130428015,-0.2937344588337285
unsw,ids2018,RandomForest,8632909,1,median,absolute,-0.3073251097119036,0.056992726958956665
unsw,ids2018,RandomForest,8632909,1,median,signed_descending,0.031983224669409054,-0.3199223519057991
unsw,ids2018,RandomForest,8632909,1,mean,absolute,-0.28009638468146214,0.25710623697348256
unsw,ids2018,RandomForest,8632909,1,mean,signed_descending,0.274827498045949,-0.26369815051415285
unsw,ids2018,RandomForest,9041050,1,median,absolute,-0.2438451575343287,0.0706403712607516
unsw,ids2018,RandomForest,9041050,1,median,signed_descending,0.08847380121355847,-0.31992235190579915
unsw,ids2018,RandomForest,9041050,1,mean,absolute,-0.23561078609469743,0.27417086371869087
unsw,ids2018,RandomForest,9041050,1,mean,signed_descending,0.3088350423823624,-0.26122369532444056
unsw,ids2018,RandomForest,9563273,0,median,absolute,0.001613073394865375,-0.024347168729311326
unsw,ids2018,RandomForest,9563273,0,median,signed_descending,0.005354132999634772,-0.03745827256397347
unsw,ids2018,RandomForest,9563273,0,mean,absolute,0.005694202272369335,0.0705318652025063
unsw,ids2018,RandomForest,9563273,0,mean,signed_descending,0.008418261247485846,0.05705713057349434
unsw,ids2018,RandomForest,9850776,0,median,absolute,0.0021700720788121537,0.014934241582658303
unsw,ids2018,RandomForest,9850776,0,median,signed_descending,0.008723289494638348,0.0018231377479962288
unsw,ids2018,RandomForest,9850776,0,mean,absolute,-0.0012509635980356628,0.10981327551447599
unsw,ids2018,RandomForest,9850776,0,mean,signed_descending,0.004244174533090279,0.09703207781797113
unsw,ids2018,RandomForest,13843066,0,median,absolute,0.6380184913166587,0.39081821615472817
unsw,ids2018,RandomForest,13843066,0,median,signed_descending,0.6410587932500041,0.3372356122761453
unsw,ids2018,RandomForest,13843066,0,mean,absolute,0.685615154149351,0.2106426808956462
unsw,ids2018,RandomForest,13843066,0,mean,signed_descending,0.684040860266419,0.19506395614793925
unsw,ids2018,RandomForest,15077162,0,median,absolute,-0.2623568679024348,-0.0014679625748370043
unsw,ids2018,RandomForest,15077162,0,median,signed_descending,0.019631080617278796,-0.4215071035589242
unsw,ids2018,RandomForest,15077162,0,mean,absolute,-0.34152722020716775,0.2801237735209397
unsw,ids2018,RandomForest,15077162,0,mean,signed_descending,0.11874817744459953,-0.38522273572260984
unsw,ids2018,RandomForest,15680092,1,median,absolute,-0.32195581061981676,0.02884150055278314
unsw,ids2018,RandomForest,15680092,1,median,signed_descending,0.05181173140345315,-0.34807357831197266
unsw,ids2018,RandomForest,15680092,1,mean,absolute,-0.30191156499276856,0.22895501056730902
unsw,ids2018,RandomForest,15680092,1,mean,signed_descending,0.2618493990364364,-0.29696208341125657
unsw,ids2018,RandomForest,16435528,0,median,absolute,0.0008283981384736546,-0.014447526949182743
unsw,ids2018,RandomForest,16435528,0,median,signed_descending,0.004651615053337791,-0.027558630783844813
unsw,ids2018,RandomForest,16435528,0,mean,absolute,0.005453135435973225,0.08043150698263493
unsw,ids2018,RandomForest,16435528,0,mean,signed_descending,0.008218273066137005,0.06695677235362292
unsw,ids2018,RandomForest,16716642,1,median,absolute,-0.3024914777663075,0.030015961322325924
unsw,ids2018,RandomForest,16716642,1,median,signed_descending,0.07123124349634077,-0.3468991175424299
unsw,ids2018,RandomForest,16716642,1,mean,absolute,-0.2848913655950915,0.2301294713368518
unsw,ids2018,RandomForest,16716642,1,mean,signed_descending,0.2735397736672373,-0.29323126939624866
unsw,unsw,ShallowMLP,181574,0,median,absolute,-0.005352489153544107,0.4465802192687988
unsw,unsw,ShallowMLP,181574,0,median,signed_descending,-0.0038298606872558595,-0.0004445672035217286
unsw,unsw,ShallowMLP,181574,0,mean,absolute,-0.002591705322265625,0.5850516676902772
unsw,unsw,ShallowMLP,181574,0,mean,signed_descending,-0.00012981096903483055,0.03286784887313843
unsw,unsw,ShallowMLP,187230,0,median,absolute,-0.0142814834912618,0.4961344202359517
unsw,unsw,ShallowMLP,187230,0,median,signed_descending,-0.012610570589701333,-0.000927126407623291
unsw,unsw,ShallowMLP,187230,0,mean,absolute,-0.006269590059916178,0.6082390785217285
unsw,unsw,ShallowMLP,187230,0,mean,signed_descending,-0.003556899229685465,0.03793314695358276
unsw,unsw,ShallowMLP,366286,0,median,absolute,-5.563100179036459e-07,-3.600120544433594e-05
unsw,unsw,ShallowMLP,366286,0,median,signed_descending,-5.563100179036459e-07,-3.600120544433594e-05
unsw,unsw,ShallowMLP,366286,0,mean,absolute,0.0015850186347961426,0.04395643870035807
unsw,unsw,ShallowMLP,366286,0,mean,signed_descending,0.0016118685404459636,0.04394858280817668
unsw,unsw,ShallowMLP,427982,0,median,absolute,-1.34587287902832e-05,-9.756088256835937e-05
unsw,unsw,ShallowMLP,427982,0,median,signed_descending,2.038478851318361e-06,-9.918212890625e-05
unsw,unsw,ShallowMLP,427982,0,mean,absolute,0.0023853262265523274,0.04759604930877686
unsw,unsw,ShallowMLP,427982,0,mean,signed_descending,0.0006483157475789388,0.05290223360061646
unsw,unsw,ShallowMLP,553221,0,median,absolute,-0.005624636014302572,0.4962314645449321
unsw,unsw,ShallowMLP,553221,0,median,signed_descending,-0.0041916171709696455,-0.0006412863731384277
unsw,unsw,ShallowMLP,553221,0,mean,absolute,-0.0044732292493184405,0.6083693385124206
unsw,unsw,ShallowMLP,553221,0,mean,signed_descending,-0.0021547039349873866,0.03796144723892212
unsw,unsw,ShallowMLP,664579,0,median,absolute,-0.004103573163350423,0.3933106541633606
unsw,unsw,ShallowMLP,664579,0,median,signed_descending,-0.002632812658945719,-0.00042563676834106445
unsw,unsw,ShallowMLP,664579,0,mean,absolute,-0.003434073925018311,0.5675727685292563
unsw,unsw,ShallowMLP,664579,0,mean,signed_descending,-0.0010519623756408691,0.037061226367950444
unsw,unsw,ShallowMLP,1028022,1,median,absolute,0.021013482411702478,0.04896867275238037
unsw,unsw,ShallowMLP,1028022,1,median,signed_descending,0.12794669469197592,0.04889447689056397
unsw,unsw,ShallowMLP,1028022,1,mean,absolute,0.017798868815104164,0.02209346294403076
unsw,unsw,ShallowMLP,1028022,1,mean,signed_descending,0.09991129239400227,0.021865288416544598
unsw,unsw,ShallowMLP,1048656,1,median,absolute,0.29051808516184485,0.06612505118052164
unsw,unsw,ShallowMLP,1048656,1,median,signed_descending,0.35923123757044473,0.06612385908762614
unsw,unsw,ShallowMLP,1048656,1,mean,absolute,0.23841561079025267,0.025179024537404376
unsw,unsw,ShallowMLP,1048656,1,mean,signed_descending,0.32996625900268556,0.025176616509755455
unsw,unsw,ShallowMLP,1058443,1,median,absolute,0.7888823787371319,0.06838764746983846
unsw,unsw,ShallowMLP,1058443,1,median,signed_descending,0.7925692399342855,0.05797290802001953
unsw,unsw,ShallowMLP,1058443,1,mean,absolute,0.692987585067749,0.05228527386983236
unsw,unsw,ShallowMLP,1058443,1,mean,signed_descending,0.7608534177144368,0.037025694052378336
unsw,unsw,ShallowMLP,1104934,0,median,absolute,2.9802322387695312e-06,-7.510185241699219e-06
unsw,unsw,ShallowMLP,1104934,0,median,signed_descending,2.9802322387695312e-06,-7.510185241699219e-06
unsw,unsw,ShallowMLP,1104934,0,mean,absolute,0.00045643647511800126,0.044499425093332934
unsw,unsw,ShallowMLP,1104934,0,mean,signed_descending,0.00045643647511800126,0.044499425093332934
unsw,unsw,ShallowMLP,1236137,1,median,absolute,0.7657795588175457,0.08253446022669474
unsw,unsw,ShallowMLP,1236137,1,median,signed_descending,0.7782069404919941,0.07305608987808228
unsw,unsw,ShallowMLP,1236137,1,mean,absolute,0.5139326969782512,0.05310856103897094
unsw,unsw,ShallowMLP,1236137,1,mean,signed_descending,0.677069354057312,0.03830082019170125
unsw,unsw,ShallowMLP,1245641,1,median,absolute,0.7541103760401408,0.062203546365102134
unsw,unsw,ShallowMLP,1245641,1,median,signed_descending,0.7607619206110637,0.0517888069152832
unsw,unsw,ShallowMLP,1245641,1,mean,absolute,0.6407217224438985,0.04609650373458862
unsw,unsw,ShallowMLP,1245641,1,mean,signed_descending,0.7206154902776083,0.030841592947642008
unsw,unsw,ShallowMLP,1423118,1,median,absolute,0.7638509154319763,0.04695523977279662
unsw,unsw,ShallowMLP,1423118,1,median,signed_descending,0.764901876449585,0.03841323852539062
unsw,unsw,ShallowMLP,1423118,1,mean,absolute,0.7221090396245321,0.04564398924509685
unsw,unsw,ShallowMLP,1423118,1,mean,signed_descending,0.7599052707354228,0.03127408027648926
unsw,unsw,ShallowMLP,1476691,1,median,absolute,0.7468918840090434,0.7683099786440533
unsw,unsw,ShallowMLP,1476691,1,median,signed_descending,0.7752732594807942,0.5447834134101868
unsw,unsw,ShallowMLP,1476691,1,mean,absolute,0.3435417016347249,0.18948454062143963
unsw,unsw,ShallowMLP,1476691,1,mean,signed_descending,0.6083399057388306,0.13209803104400636
unsw,unsw,ShallowMLP,1547898,1,median,absolute,0.7160032113393148,0.7687026540438335
unsw,unsw,ShallowMLP,1547898,1,median,signed_descending,0.7483795324961345,0.545176088809967
unsw,unsw,ShallowMLP,1547898,1,mean,absolute,0.28317641814549765,0.1890676498413086
unsw,unsw,ShallowMLP,1547898,1,mean,signed_descending,0.5596185604731242,0.13249070644378663
unsw,unsw,ShallowMLP,1563527,0,median,absolute,-0.005893341700236002,0.39682068427403766
unsw,unsw,ShallowMLP,1563527,0,median,signed_descending,-0.00021861394246419294,-0.0005446632703145345
unsw,unsw,ShallowMLP,1563527,0,mean,absolute,-0.003791558742523194,0.568549903233846
unsw,unsw,ShallowMLP,1563527,0,mean,signed_descending,0.0009992678960164386,0.03724563519159953
unsw,unsw,ShallowMLP,1849062,1,median,absolute,0.7953962008158365,0.06961305936177571
unsw,unsw,ShallowMLP,1849062,1,median,signed_descending,0.7978229602177938,0.05919831991195679
unsw,unsw,ShallowMLP,1849062,1,mean,absolute,0.7252542217572531,0.053510685761769615
unsw,unsw,ShallowMLP,1849062,1,mean,signed_descending,0.776397657394409,0.03825110594431559
unsw,unsw,ShallowMLP,1871037,0,median,absolute,1.5223026275634766e-05,-0.0001155853271484375
unsw,unsw,ShallowMLP,1871037,0,median,signed_descending,1.5223026275634766e-05,-0.0001155853271484375
unsw,unsw,ShallowMLP,1871037,0,mean,absolute,0.001750938097635905,0.04278173049290975
unsw,unsw,ShallowMLP,1871037,0,mean,signed_descending,0.001750938097635905,0.04278173049290975
unsw,unsw,ShallowMLP,1942006,1,median,absolute,0.01973310708999634,0.7549357692400614
unsw,unsw,ShallowMLP,1942006,1,median,signed_descending,0.21917647123336792,0.5456701636314392
unsw,unsw,ShallowMLP,1942006,1,mean,absolute,-0.00850014289220174,0.19481049776077272
unsw,unsw,ShallowMLP,1942006,1,mean,signed_descending,0.1134105920791626,0.13940355380376182
unsw,unsw,ShallowMLP,1971157,0,median,absolute,-1.5211105346679689e-05,-0.00011372566223144531
unsw,unsw,ShallowMLP,1971157,0,median,signed_descending,-1.5211105346679689e-05,-0.00011372566223144531
unsw,unsw,ShallowMLP,1971157,0,mean,absolute,0.0022820472717285157,0.04492803812026978
unsw,unsw,ShallowMLP,1971157,0,mean,signed_descending,0.0022820472717285157,0.04492803812026978
unsw,ids2018,ShallowMLP,504154,1,median,absolute,0.6664341211318968,0.24412923653920493
unsw,ids2018,ShallowMLP,504154,1,median,signed_descending,0.7591076970100402,0.19284531672795613
unsw,ids2018,ShallowMLP,504154,1,mean,absolute,0.2719043016433716,0.11063652833302816
unsw,ids2018,ShallowMLP,504154,1,mean,signed_descending,0.7053202708562215,0.05456064144770304
unsw,ids2018,ShallowMLP,526672,0,median,absolute,2.276897430419922e-05,0.0
unsw,ids2018,ShallowMLP,526672,0,median,signed_descending,0.001278992493947347,0.0
unsw,ids2018,ShallowMLP,526672,0,mean,absolute,5.130370457967123e-05,0.0
unsw,ids2018,ShallowMLP,526672,0,mean,signed_descending,0.002134700616200765,0.0
unsw,ids2018,ShallowMLP,863548,1,median,absolute,0.6919504602750143,0.23362743854522705
unsw,ids2018,ShallowMLP,863548,1,median,signed_descending,0.7499381144841513,0.18173506259918212
unsw,ids2018,ShallowMLP,863548,1,mean,absolute,0.3164803306261698,0.10931763251622517
unsw,ids2018,ShallowMLP,863548,1,mean,signed_descending,0.7165803750356039,0.05086137056350707
unsw,ids2018,ShallowMLP,1247706,1,median,absolute,-0.18765017191569008,-0.1880730152130127
unsw,ids2018,ShallowMLP,1247706,1,median,signed_descending,0.13537480433781943,-0.3313593864440918
unsw,ids2018,ShallowMLP,1247706,1,mean,absolute,-0.20406425396601358,0.4559881846110026
unsw,ids2018,ShallowMLP,1247706,1,mean,signed_descending,0.41931684414545695,-0.31212235291798907
unsw,ids2018,ShallowMLP,3202532,0,median,absolute,0.5333158135414123,0.2559959808985392
unsw,ids2018,ShallowMLP,3202532,0,median,signed_descending,0.7020306229591369,0.20769157409667968
unsw,ids2018,ShallowMLP,3202532,0,mean,absolute,0.13335376183191935,0.11384406089782716
unsw,ids2018,ShallowMLP,3202532,0,mean,signed_descending,0.5965744256973268,0.06251679261525471
unsw,ids2018,ShallowMLP,3228906,0,median,absolute,0.0005822499593098959,0.0
unsw,ids2018,ShallowMLP,3228906,0,median,signed_descending,0.01810646851857503,0.0
unsw,ids2018,ShallowMLP,3228906,0,mean,absolute,0.0009178519248962402,0.0
unsw,ids2018,ShallowMLP,3228906,0,mean,signed_descending,0.02685563564300537,0.0
unsw,ids2018,ShallowMLP,5124375,0,median,absolute,0.7176502625147502,0.23160667419433598
unsw,ids2018,ShallowMLP,5124375,0,median,signed_descending,0.7706129550933838,0.18628178040186563
unsw,ids2018,ShallowMLP,5124375,0,mean,absolute,0.2836105505625407,0.10945071379343668
unsw,ids2018,ShallowMLP,5124375,0,mean,signed_descending,0.7238973697026571,0.06341155767440797
unsw,ids2018,ShallowMLP,5998673,1,median,absolute,-0.020688414573669434,0.11889868974685669
unsw,ids2018,ShallowMLP,5998673,1,median,signed_descending,0.0045063734054565435,-0.02432748874028524
unsw,ids2018,ShallowMLP,5998673,1,mean,absolute,-0.026604159673055013,0.769042952855428
unsw,ids2018,ShallowMLP,5998673,1,mean,signed_descending,0.1764069894949595,0.010324172178904216
unsw,ids2018,ShallowMLP,6392601,0,median,absolute,0.00021390517552693684,0.0
unsw,ids2018,ShallowMLP,6392601,0,median,signed_descending,0.0014320770899454752,0.0
unsw,ids2018,ShallowMLP,6392601,0,mean,absolute,0.0003514846165974935,0.0
unsw,ids2018,ShallowMLP,6392601,0,mean,signed_descending,0.0023660858472188315,0.0
unsw,ids2018,ShallowMLP,8475280,1,median,absolute,-0.30190494855244954,-0.2228026032447815
unsw,ids2018,ShallowMLP,8475280,1,median,signed_descending,0.0521576444307963,-0.36596858898798623
unsw,ids2018,ShallowMLP,8475280,1,mean,absolute,-0.29175806840260826,0.41577691833178204
unsw,ids2018,ShallowMLP,8475280,1,mean,signed_descending,0.38936275045077,-0.3412852883338928
unsw,ids2018,ShallowMLP,8535025,1,median,absolute,-0.06262190739313761,0.012542009353637695
unsw,ids2018,ShallowMLP,8535025,1,median,signed_descending,0.0647931973139445,-0.1306840181350708
unsw,ids2018,ShallowMLP,8535025,1,mean,absolute,-0.08393400510152181,0.6545390844345093
unsw,ids2018,ShallowMLP,8535025,1,mean,signed_descending,0.26243356863657635,-0.10574803352355956
unsw,ids2018,ShallowMLP,8632909,1,median,absolute,-0.23301320075988766,-0.1833406686782837
unsw,ids2018,ShallowMLP,8632909,1,median,signed_descending,0.08788843154907228,-0.3265668471654256
unsw,ids2018,ShallowMLP,8632909,1,mean,absolute,-0.24876337448755903,0.4566321551799774
unsw,ids2018,ShallowMLP,8632909,1,mean,signed_descending,0.3784878512223562,-0.30718400080998737
unsw,ids2018,ShallowMLP,9041050,1,median,absolute,-0.2593994935353597,-0.20366624593734742
unsw,ids2018,ShallowMLP,9041050,1,median,signed_descending,0.07856246630350748,-0.3469526171684265
unsw,ids2018,ShallowMLP,9041050,1,mean,absolute,-0.25761775970458983,0.4403949538866679
unsw,ids2018,ShallowMLP,9041050,1,mean,signed_descending,0.3699994623661041,-0.32749284903208414
unsw,ids2018,ShallowMLP,9563273,0,median,absolute,0.0006509661674499512,0.0
unsw,ids2018,ShallowMLP,9563273,0,median,signed_descending,0.007718336582183838,0.0
unsw,ids2018,ShallowMLP,9563273,0,mean,absolute,0.0009907245635986327,0.0
unsw,ids2018,ShallowMLP,9563273,0,mean,signed_descending,0.011294070879618326,0.0
unsw,ids2018,ShallowMLP,9850776,0,median,absolute,0.0012388547261555991,0.0
unsw,ids2018,ShallowMLP,9850776,0,median,signed_descending,0.028915886084238687,0.0
unsw,ids2018,ShallowMLP,9850776,0,mean,absolute,0.0018828988075256347,0.0
unsw,ids2018,ShallowMLP,9850776,0,mean,signed_descending,0.029485098520914715,0.0
unsw,ids2018,ShallowMLP,13843066,0,median,absolute,0.748265391588211,-0.12240825295448303
unsw,ids2018,ShallowMLP,13843066,0,median,signed_descending,0.748265391588211,-0.12240825295448303
unsw,ids2018,ShallowMLP,13843066,0,mean,absolute,0.7590009967486063,-0.25153931379318234
unsw,ids2018,ShallowMLP,13843066,0,mean,signed_descending,0.7590009967486063,-0.25153931379318234
unsw,ids2018,ShallowMLP,15077162,0,median,absolute,0.8158753156661986,0.2676945686340332
unsw,ids2018,ShallowMLP,15077162,0,median,signed_descending,0.8160245180130005,0.21641064882278446
unsw,ids2018,ShallowMLP,15077162,0,mean,absolute,0.8119474887847901,0.10218194723129274
unsw,ids2018,ShallowMLP,15077162,0,mean,signed_descending,0.8137002468109132,0.05866286754608154
unsw,ids2018,ShallowMLP,15680092,1,median,absolute,-0.2951502680778504,-0.20514098405838013
unsw,ids2018,ShallowMLP,15680092,1,median,signed_descending,0.04060525894165038,-0.34842735528945923
unsw,ids2018,ShallowMLP,15680092,1,mean,absolute,-0.27413606246312455,0.43757857879002887
unsw,ids2018,ShallowMLP,15680092,1,mean,signed_descending,0.3475865165392558,-0.3288687467575073
unsw,ids2018,ShallowMLP,16435528,0,median,absolute,0.0011390288670857748,0.0
unsw,ids2018,ShallowMLP,16435528,0,median,signed_descending,0.012089463075002034,0.0
unsw,ids2018,ShallowMLP,16435528,0,mean,absolute,0.001729726791381836,0.0
unsw,ids2018,ShallowMLP,16435528,0,mean,signed_descending,0.018145636717478434,0.0
unsw,ids2018,ShallowMLP,16716642,1,median,absolute,-0.016626107692718505,0.12530052661895752
unsw,ids2018,ShallowMLP,16716642,1,median,signed_descending,0.0012190779050191244,-0.017925500869750977
unsw,ids2018,ShallowMLP,16716642,1,mean,absolute,-0.031119823455810547,0.7740913391113282
unsw,ids2018,ShallowMLP,16716642,1,mean,signed_descending,0.12013564109802245,0.011376285552978515
unsw,unsw,SoftVoting,181574,0,median,absolute,-0.0005467302250657577,0.005285295622327113
unsw,unsw,SoftVoting,181574,0,median,signed_descending,0.00380621735282749,-0.00023408807662878375
unsw,unsw,SoftVoting,181574,0,mean,absolute,0.0005173893163840245,0.03604999922144797
unsw,unsw,SoftVoting,181574,0,mean,signed_descending,0.0024664627613232666,0.032620360571577516
unsw,unsw,SoftVoting,187230,0,median,absolute,-0.00531403457026977,0.006515141591708673
unsw,unsw,SoftVoting,187230,0,median,signed_descending,-0.0005221834947480927,0.0014511278111753935
unsw,unsw,SoftVoting,187230,0,mean,absolute,-0.0033346649710513047,0.035794550299312076
unsw,unsw,SoftVoting,187230,0,mean,signed_descending,-0.0007516425144010963,0.031426806287561865
unsw,unsw,SoftVoting,366286,0,median,absolute,-3.2716327247328536e-07,3.0464596223467315e-08
unsw,unsw,SoftVoting,366286,0,median,signed_descending,-1.7881393435577782e-07,-8.609559798422595e-08
unsw,unsw,SoftVoting,366286,0,mean,absolute,0.008063443689594796,0.029089888979940776
unsw,unsw,SoftVoting,366286,0,mean,signed_descending,0.00952984788125238,0.026718168976349866
unsw,unsw,SoftVoting,427982,0,median,absolute,-5.086263020537274e-07,-9.510252211519798e-07
unsw,unsw,SoftVoting,427982,0,median,signed_descending,-1.4305114746093755e-07,-1.054339938733051e-06
unsw,unsw,SoftVoting,427982,0,mean,absolute,0.010103192146222038,0.027855604241385126
unsw,unsw,SoftVoting,427982,0,mean,signed_descending,0.004533849648001224,0.029712052298159566
unsw,unsw,SoftVoting,553221,0,median,absolute,0.00127232961441092,0.005799047909867516
unsw,unsw,SoftVoting,553221,0,median,signed_descending,0.006276393625609123,0.0003474255808995741
unsw,unsw,SoftVoting,553221,0,mean,absolute,-0.0006951645821726696,0.03481699959310953
unsw,unsw,SoftVoting,553221,0,mean,signed_descending,0.0018937255401007289,0.03029966505178684
unsw,unsw,SoftVoting,664579,0,median,absolute,-0.0035030525349675954,0.005317862440807512
unsw,unsw,SoftVoting,664579,0,median,signed_descending,0.0016840423020043332,-0.00023414238308291
unsw,unsw,SoftVoting,664579,0,mean,absolute,-0.008075217423293684,0.03520451302219962
unsw,unsw,SoftVoting,664579,0,mean,signed_descending,-0.005729606248518926,0.030306203668914428
unsw,unsw,SoftVoting,1028022,1,median,absolute,0.7543142549446027,0.41582925383794334
unsw,unsw,SoftVoting,1028022,1,median,signed_descending,0.7564384908165603,0.40696109255544255
unsw,unsw,SoftVoting,1028022,1,mean,absolute,0.8939004175901489,0.1660992378631165
unsw,unsw,SoftVoting,1028022,1,mean,signed_descending,0.8947262268198758,0.16357647583717363
unsw,unsw,SoftVoting,1048656,1,median,absolute,0.799912802087743,0.41900558021458423
unsw,unsw,SoftVoting,1048656,1,median,signed_descending,0.8001295391116953,0.41492189990065165
unsw,unsw,SoftVoting,1048656,1,mean,absolute,0.9526197593292273,0.17152271731043767
unsw,unsw,SoftVoting,1048656,1,mean,signed_descending,0.9528356168331996,0.16974551655695178
unsw,unsw,SoftVoting,1058443,1,median,absolute,0.7894575298366618,0.42488741316301243
unsw,unsw,SoftVoting,1058443,1,median,signed_descending,0.791539996598759,0.4152175748500125
unsw,unsw,SoftVoting,1058443,1,mean,absolute,0.8557787076896749,0.1701638813735119
unsw,unsw,SoftVoting,1058443,1,mean,signed_descending,0.858741029160718,0.1678966834552599
unsw,unsw,SoftVoting,1104934,0,median,absolute,2.251731025119478e-07,-6.318092346931554e-07
unsw,unsw,SoftVoting,1104934,0,median,signed_descending,6.490283542381902e-07,-7.430712382738848e-07
unsw,unsw,SoftVoting,1104934,0,mean,absolute,0.010585997366235727,0.02804394528283304
unsw,unsw,SoftVoting,1104934,0,mean,signed_descending,0.010554810108356164,0.026288872929968274
unsw,unsw,SoftVoting,1236137,1,median,absolute,0.6495735392259517,0.414986207957422
unsw,unsw,SoftVoting,1236137,1,median,signed_descending,0.6506812127067665,0.4140424458872009
unsw,unsw,SoftVoting,1236137,1,mean,absolute,0.8913989036275272,0.16519405529448689
unsw,unsw,SoftVoting,1236137,1,mean,signed_descending,0.8931696365579361,0.16671915540749552
unsw,unsw,SoftVoting,1245641,1,median,absolute,0.7295377269381514,0.4157881510213408
unsw,unsw,SoftVoting,1245641,1,median,signed_descending,0.7308423931361557,0.412004201918879
unsw,unsw,SoftVoting,1245641,1,mean,absolute,0.7547326603649789,0.16289174775342272
unsw,unsw,SoftVoting,1245641,1,mean,signed_descending,0.7564494065828827,0.16368433026916493
unsw,unsw,SoftVoting,1423118,1,median,absolute,0.5696620557480925,0.33445406150356033
unsw,unsw,SoftVoting,1423118,1,median,signed_descending,0.5696620557480925,0.33445406150356033
unsw,unsw,SoftVoting,1423118,1,mean,absolute,0.831758203244047,0.08633108251902638
unsw,unsw,SoftVoting,1423118,1,mean,signed_descending,0.831758203244047,0.08633108251902638
unsw,unsw,SoftVoting,1476691,1,median,absolute,0.6349830900000905,0.416926112279441
unsw,unsw,SoftVoting,1476691,1,median,signed_descending,0.6349830900000905,0.416926112279441
unsw,unsw,SoftVoting,1476691,1,mean,absolute,0.6145145693822521,0.211954066029585
unsw,unsw,SoftVoting,1476691,1,mean,signed_descending,0.6145145693822521,0.211954066029585
unsw,unsw,SoftVoting,1547898,1,median,absolute,0.8593314501848472,0.40675534650002737
unsw,unsw,SoftVoting,1547898,1,median,signed_descending,0.8593314501848472,0.4067553465000273
unsw,unsw,SoftVoting,1547898,1,mean,absolute,0.8032549789295444,0.20053214950943343
unsw,unsw,SoftVoting,1547898,1,mean,signed_descending,0.8032549789295444,0.20053214950943343
unsw,unsw,SoftVoting,1563527,0,median,absolute,-0.0027701072605152977,0.0063688575441132045
unsw,unsw,SoftVoting,1563527,0,median,signed_descending,0.0030397424065552983,0.00033156451469194733
unsw,unsw,SoftVoting,1563527,0,mean,absolute,5.041671824839916e-05,0.03671433844581144
unsw,unsw,SoftVoting,1563527,0,mean,signed_descending,0.0034422633588256854,0.031743494091855874
unsw,unsw,SoftVoting,1849062,1,median,absolute,0.9012608178703148,0.4087015694644169
unsw,unsw,SoftVoting,1849062,1,median,signed_descending,0.9028164526722859,0.40781192067036115
unsw,unsw,SoftVoting,1849062,1,mean,absolute,0.8825525090742797,0.15564086611342312
unsw,unsw,SoftVoting,1849062,1,mean,signed_descending,0.8842931183343724,0.15888925318099853
unsw,unsw,SoftVoting,1871037,0,median,absolute,8.384386698701008e-07,-1.25964482632727e-06
unsw,unsw,SoftVoting,1871037,0,median,signed_descending,1.3391176859759805e-06,-1.3695822822438566e-06
unsw,unsw,SoftVoting,1871037,0,mean,absolute,0.009951406463813367,0.0290886028441612
unsw,unsw,SoftVoting,1871037,0,mean,signed_descending,0.01185946717760184,0.02540181365262877
unsw,unsw,SoftVoting,1942006,1,median,absolute,0.5796541959064193,0.4185279184286384
unsw,unsw,SoftVoting,1942006,1,median,signed_descending,0.5796541959064193,0.4185279184286384
unsw,unsw,SoftVoting,1942006,1,mean,absolute,0.5987538479759422,0.20554752237627985
unsw,unsw,SoftVoting,1942006,1,mean,signed_descending,0.5987538479759422,0.20554752237627985
unsw,unsw,SoftVoting,1971157,0,median,absolute,8.079740737946631e-08,-6.159146627160439e-07
unsw,unsw,SoftVoting,1971157,0,median,signed_descending,-1.3245476493395517e-09,-6.132655673877589e-07
unsw,unsw,SoftVoting,1971157,0,mean,absolute,0.005940392602711463,0.029517877697780193
unsw,unsw,SoftVoting,1971157,0,mean,signed_descending,0.007883304147999641,0.027545920295126754
unsw,ids2018,SoftVoting,504154,1,median,absolute,-0.0599411697002084,0.007292630049896147
unsw,ids2018,SoftVoting,504154,1,median,signed_descending,0.010566221626459192,-0.12152892754546306
unsw,ids2018,SoftVoting,504154,1,mean,absolute,-0.04942414343989704,0.4317359421199168
unsw,ids2018,SoftVoting,504154,1,mean,signed_descending,0.319544294826595,-0.11025885137012843
unsw,ids2018,SoftVoting,526672,0,median,absolute,-0.0025087188080068785,0.00549544484853873
unsw,ids2018,SoftVoting,526672,0,median,signed_descending,0.0012574727671589368,-0.0013419944147614752
unsw,ids2018,SoftVoting,526672,0,mean,absolute,-0.0018045699256988184,0.037836606424517034
unsw,ids2018,SoftVoting,526672,0,mean,signed_descending,0.00019791782660790393,0.03348353241173408
unsw,ids2018,SoftVoting,863548,1,median,absolute,-0.2466744965287425,-0.20939750102247046
unsw,ids2018,SoftVoting,863548,1,median,signed_descending,-0.08281742387407465,-0.3463299441307261
unsw,ids2018,SoftVoting,863548,1,mean,absolute,-0.23832182820785808,0.04897426767953301
unsw,ids2018,SoftVoting,863548,1,mean,signed_descending,0.008751896691303334,-0.32451289558515084
unsw,ids2018,SoftVoting,1247706,1,median,absolute,-0.06235817622362796,0.039938881582025014
unsw,ids2018,SoftVoting,1247706,1,median,signed_descending,0.0486468544801388,-0.10680263309647518
unsw,ids2018,SoftVoting,1247706,1,mean,absolute,-0.05698047598958108,0.25744324132031926
unsw,ids2018,SoftVoting,1247706,1,mean,signed_descending,0.3465770477583699,-0.08467718142394069
unsw,ids2018,SoftVoting,3202532,0,median,absolute,-0.07662414525498795,0.0022806202122219363
unsw,ids2018,SoftVoting,3202532,0,median,signed_descending,0.01893575978963417,-0.14709110229575365
unsw,ids2018,SoftVoting,3202532,0,mean,absolute,-0.06477378171128066,0.20997567442220957
unsw,ids2018,SoftVoting,3202532,0,mean,signed_descending,0.4870334231919206,-0.12787555055016486
unsw,ids2018,SoftVoting,3228906,0,median,absolute,0.0013545654099167118,-0.009928549176889205
unsw,ids2018,SoftVoting,3228906,0,median,signed_descending,0.004783177547897025,-0.015776856492004058
unsw,ids2018,SoftVoting,3228906,0,mean,absolute,0.0036338473415430095,0.02241261239908911
unsw,ids2018,SoftVoting,3228906,0,mean,signed_descending,0.004899970598639625,0.01820246114294979
unsw,ids2018,SoftVoting,5124375,0,median,absolute,-0.07248162050848299,-0.010546408814158602
unsw,ids2018,SoftVoting,5124375,0,median,signed_descending,0.011263538310885786,-0.14596130108509844
unsw,ids2018,SoftVoting,5124375,0,mean,absolute,-0.06583578188691092,0.42110725562754814
unsw,ids2018,SoftVoting,5124375,0,mean,signed_descending,0.31918575451447456,-0.13363732799244912
unsw,ids2018,SoftVoting,5998673,1,median,absolute,-0.15358755131295865,0.06290961441992073
unsw,ids2018,SoftVoting,5998673,1,median,signed_descending,-0.02845845412278956,-0.11685681268489577
unsw,ids2018,SoftVoting,5998673,1,mean,absolute,-0.14672316847996283,0.2410045446210667
unsw,ids2018,SoftVoting,5998673,1,mean,signed_descending,0.2872539215663368,-0.09487573571172182
unsw,ids2018,SoftVoting,6392601,0,median,absolute,-0.002535003705795928,0.004846664836302035
unsw,ids2018,SoftVoting,6392601,0,median,signed_descending,0.0019131407016380532,-0.0019172751027380548
unsw,ids2018,SoftVoting,6392601,0,mean,absolute,0.001964396093375931,0.037616456211188046
unsw,ids2018,SoftVoting,6392601,0,mean,signed_descending,0.0031309753320126975,0.032239626199621736
unsw,ids2018,SoftVoting,8475280,1,median,absolute,-0.10074007310744827,0.04546492295045978
unsw,ids2018,SoftVoting,8475280,1,median,signed_descending,0.021840456765294655,-0.11749971703766471
unsw,ids2018,SoftVoting,8475280,1,mean,absolute,-0.09489024683572754,0.24314237246168524
unsw,ids2018,SoftVoting,8475280,1,mean,signed_descending,0.33656570192949964,-0.09408647698543904
unsw,ids2018,SoftVoting,8535025,1,median,absolute,-0.1500317236996818,0.06333535684923931
unsw,ids2018,SoftVoting,8535025,1,median,signed_descending,-0.030483131022295874,-0.11643105701010055
unsw,ids2018,SoftVoting,8535025,1,mean,absolute,-0.1487222399177985,0.24143028705038527
unsw,ids2018,SoftVoting,8535025,1,mean,signed_descending,0.2812246188183311,-0.09576484656907597
unsw,ids2018,SoftVoting,8632909,1,median,absolute,-0.1806180268623512,0.07328074327156127
unsw,ids2018,SoftVoting,8632909,1,median,signed_descending,-0.06740480821307847,-0.10679014261202553
unsw,ids2018,SoftVoting,8632909,1,mean,absolute,-0.16983328913150372,0.2510072732407562
unsw,ids2018,SoftVoting,8632909,1,mean,signed_descending,0.25779079894163726,-0.08422496649471611
unsw,ids2018,SoftVoting,9041050,1,median,absolute,-0.08160165449849333,0.056339816909120134
unsw,ids2018,SoftVoting,9041050,1,median,signed_descending,0.029906117886115042,-0.1067777660386749
unsw,ids2018,SoftVoting,9041050,1,mean,absolute,-0.07678073127875897,0.25418362973447955
unsw,ids2018,SoftVoting,9041050,1,mean,signed_descending,0.32392619395658157,-0.08397855917154734
unsw,ids2018,SoftVoting,9563273,0,median,absolute,0.0019066660780509594,-0.006389623237508135
unsw,ids2018,SoftVoting,9563273,0,median,signed_descending,0.004343156656059118,-0.012496940224554507
unsw,ids2018,SoftVoting,9563273,0,mean,absolute,0.004108225783887773,0.027979157161779292
unsw,ids2018,SoftVoting,9563273,0,mean,signed_descending,0.005373313165125335,0.023202851128991574
unsw,ids2018,SoftVoting,9850776,0,median,absolute,0.00040146937073373126,0.00733375737822779
unsw,ids2018,SoftVoting,9850776,0,median,signed_descending,0.0031825329961284294,0.0005536750117120848
unsw,ids2018,SoftVoting,9850776,0,mean,absolute,-0.0005532838203982905,0.039237255069525426
unsw,ids2018,SoftVoting,9850776,0,mean,signed_descending,0.0017061588097439927,0.03361809471369308
unsw,ids2018,SoftVoting,13843066,0,median,absolute,0.6714317765706171,0.34055783721480953
unsw,ids2018,SoftVoting,13843066,0,median,signed_descending,0.6722995985267213,0.3250909553289731
unsw,ids2018,SoftVoting,13843066,0,mean,absolute,0.7696846820237725,0.15595878012569117
unsw,ids2018,SoftVoting,13843066,0,mean,signed_descending,0.7711982579438555,0.1423076999491428
unsw,ids2018,SoftVoting,15077162,0,median,absolute,-0.06703578833159173,-0.005562960593753187
unsw,ids2018,SoftVoting,15077162,0,median,signed_descending,0.0037089028140604367,-0.14408592625344674
unsw,ids2018,SoftVoting,15077162,0,mean,absolute,-0.25952489439666376,0.383803747283586
unsw,ids2018,SoftVoting,15077162,0,mean,signed_descending,0.15572838485949472,-0.13180769121272984
unsw,ids2018,SoftVoting,15680092,1,median,absolute,-0.10838917713477408,0.029701382383085995
unsw,ids2018,SoftVoting,15680092,1,median,signed_descending,0.011942053340042747,-0.117040007787934
unsw,ids2018,SoftVoting,15680092,1,mean,absolute,-0.09820846338977803,0.24719714021312522
unsw,ids2018,SoftVoting,15680092,1,mean,signed_descending,0.26252232296971817,-0.09445218903659978
unsw,ids2018,SoftVoting,16435528,0,median,absolute,0.0001235662409233636,-0.0024416815682233232
unsw,ids2018,SoftVoting,16435528,0,median,signed_descending,0.00023106177313657228,-0.008630981484004704
unsw,ids2018,SoftVoting,16435528,0,mean,absolute,0.0018361594992462483,0.030328109806662687
unsw,ids2018,SoftVoting,16435528,0,mean,signed_descending,0.0016311144009448775,0.02558929802675078
unsw,ids2018,SoftVoting,16716642,1,median,absolute,-0.10058280837491884,0.0471401445114391
unsw,ids2018,SoftVoting,16716642,1,median,signed_descending,0.02192556276968545,-0.11580934442186493
unsw,ids2018,SoftVoting,16716642,1,mean,absolute,-0.09293425018258179,0.2452995878048553
unsw,ids2018,SoftVoting,16716642,1,mean,signed_descending,0.3089252876943994,-0.09473078041355669
unsw,unsw,XGBoost,181574,0,median,absolute,-5.5909156799316405e-06,8.253256479899089e-06
unsw,unsw,XGBoost,181574,0,median,signed_descending,1.1245409647623698e-06,-8.47180684407552e-06
unsw,unsw,XGBoost,181574,0,mean,absolute,4.808108011881511e-07,0.00013078848520914712
unsw,unsw,XGBoost,181574,0,mean,signed_descending,3.254413604736328e-06,0.00011325677235921223
unsw,unsw,XGBoost,187230,0,median,absolute,-1.7098585764567058e-05,-5.344549814860026e-06
unsw,unsw,XGBoost,187230,0,median,signed_descending,-1.4861424763997396e-06,-2.0194053649902344e-05
unsw,unsw,XGBoost,187230,0,mean,absolute,5.527337392171224e-06,0.00011214812596638999
unsw,unsw,XGBoost,187230,0,mean,signed_descending,1.7344951629638675e-05,9.386936823527019e-05
unsw,unsw,XGBoost,366286,0,median,absolute,-4.251797993977865e-07,-3.457069396972656e-07
unsw,unsw,XGBoost,366286,0,median,signed_descending,-4.251797993977865e-07,-3.457069396972656e-07
unsw,unsw,XGBoost,366286,0,mean,absolute,3.226598103841146e-05,3.3688545227050784e-05
unsw,unsw,XGBoost,366286,0,mean,signed_descending,3.226598103841146e-05,3.3688545227050784e-05
unsw,unsw,XGBoost,427982,0,median,absolute,-1.160303751627604e-06,-2.956390380859375e-06
unsw,unsw,XGBoost,427982,0,median,signed_descending,-4.569689432779947e-07,-3.1312306722005207e-06
unsw,unsw,XGBoost,427982,0,mean,absolute,8.26120376586914e-06,4.034042358398437e-05
unsw,unsw,XGBoost,427982,0,mean,signed_descending,-1.613299051920573e-06,0.00012375513712565105
unsw,unsw,XGBoost,553221,0,median,absolute,-1.0347366333007812e-05,-6.357828776041667e-06
unsw,unsw,XGBoost,553221,0,median,signed_descending,6.993611653645833e-06,-2.2951761881510416e-05
unsw,unsw,XGBoost,553221,0,mean,absolute,1.9590059916178386e-06,0.00011934836705525716
unsw,unsw,XGBoost,553221,0,mean,signed_descending,2.5232632954915366e-06,0.00010506312052408855
unsw,unsw,XGBoost,664579,0,median,absolute,-7.466475168863932e-06,7.605552673339844e-06
unsw,unsw,XGBoost,664579,0,median,signed_descending,9.41753387451172e-07,-8.591016133626302e-06
unsw,unsw,XGBoost,664579,0,mean,absolute,6.437301635742191e-07,0.00011806090672810872
unsw,unsw,XGBoost,664579,0,mean,signed_descending,8.356571197509767e-06,9.905099868774414e-05
unsw,unsw,XGBoost,1028022,1,median,absolute,0.7799624034033816,0.4579284124697249
unsw,unsw,XGBoost,1028022,1,median,signed_descending,0.7799625286656616,0.45242109429091215
unsw,unsw,XGBoost,1028022,1,mean,absolute,0.94937733549062,0.2734755357106527
unsw,unsw,XGBoost,1028022,1,mean,signed_descending,0.9493775234480077,0.26966346899668375
unsw,unsw,XGBoost,1048656,1,median,absolute,0.9733352600610791,0.48123990427702673
unsw,unsw,XGBoost,1048656,1,median,signed_descending,0.9733352600610791,0.48123990427702673
unsw,unsw,XGBoost,1048656,1,mean,absolute,0.9967731842130889,0.28951133489608766
unsw,unsw,XGBoost,1048656,1,mean,signed_descending,0.9967731842130889,0.28951133489608766
unsw,unsw,XGBoost,1058443,1,median,absolute,0.884338180557946,0.48668915424495934
unsw,unsw,XGBoost,1058443,1,median,signed_descending,0.8843384247114349,0.4817610382412871
unsw,unsw,XGBoost,1058443,1,mean,absolute,0.9567570865794551,0.29248790939648944
unsw,unsw,XGBoost,1058443,1,mean,signed_descending,0.956760945863789,0.29939961632092793
unsw,unsw,XGBoost,1104934,0,median,absolute,2.2649765014648438e-06,-2.3126602172851565e-06
unsw,unsw,XGBoost,1104934,0,median,signed_descending,2.3086865743001303e-06,-2.3285547892252606e-06
unsw,unsw,XGBoost,1104934,0,mean,absolute,6.173451741536458e-05,4.062652587890625e-05
unsw,unsw,XGBoost,1104934,0,mean,signed_descending,4.791816075642904e-05,4.0956338246663404e-05
unsw,unsw,XGBoost,1236137,1,median,absolute,0.775338785790124,0.46486940228690704
unsw,unsw,XGBoost,1236137,1,median,signed_descending,0.775338785790124,0.46486940228690704
unsw,unsw,XGBoost,1236137,1,mean,absolute,0.9890731541891,0.3134016712506612
unsw,unsw,XGBoost,1236137,1,mean,signed_descending,0.9890731541891,0.3134016712506612
unsw,unsw,XGBoost,1245641,1,median,absolute,0.804147579882677,0.59538830909878
unsw,unsw,XGBoost,1245641,1,median,signed_descending,0.804147579882677,0.59538830909878
unsw,unsw,XGBoost,1245641,1,mean,absolute,0.8432212321999638,0.3678359389305115
unsw,unsw,XGBoost,1245641,1,mean,signed_descending,0.8432212321999638,0.3678359389305115
unsw,unsw,XGBoost,1423118,1,median,absolute,0.5250361340649761,0.29151343498378995
unsw,unsw,XGBoost,1423118,1,median,signed_descending,0.5250361647861913,0.291363735931615
unsw,unsw,XGBoost,1423118,1,mean,absolute,0.7933566126419463,0.07173278530438741
unsw,unsw,XGBoost,1423118,1,mean,signed_descending,0.793356691267157,0.06922908822695414
unsw,unsw,XGBoost,1476691,1,median,absolute,0.664903897439702,0.48828441267833117
unsw,unsw,XGBoost,1476691,1,median,signed_descending,0.664903897439702,0.48828441267833117
unsw,unsw,XGBoost,1476691,1,mean,absolute,0.6647250091094369,0.38966474831104275
unsw,unsw,XGBoost,1476691,1,mean,signed_descending,0.6647250091094369,0.38966474831104275
unsw,unsw,XGBoost,1547898,1,median,absolute,0.8984120483764247,0.46235307023550076
unsw,unsw,XGBoost,1547898,1,median,signed_descending,0.8984115374278797,0.4618778503499925
unsw,unsw,XGBoost,1547898,1,mean,absolute,0.8172997549942617,0.3667625894149144
unsw,unsw,XGBoost,1547898,1,mean,signed_descending,0.8172920238566196,0.3637529482444128
unsw,unsw,XGBoost,1563527,0,median,absolute,-7.2479248046875005e-06,-1.5457471211751302e-06
unsw,unsw,XGBoost,1563527,0,median,signed_descending,3.961722056070963e-06,-1.542965571085612e-05
unsw,unsw,XGBoost,1563527,0,mean,absolute,3.508726755777995e-06,0.00013047059377034506
unsw,unsw,XGBoost,1563527,0,mean,signed_descending,3.6319096883138023e-06,0.00011682907740275065
unsw,unsw,XGBoost,1849062,1,median,absolute,0.9668479715369661,0.4701477392887076
unsw,unsw,XGBoost,1849062,1,median,signed_descending,0.9668479928304198,0.4601018890117606
unsw,unsw,XGBoost,1849062,1,mean,absolute,0.9655974963582897,0.30637077093124393
unsw,unsw,XGBoost,1849062,1,mean,signed_descending,0.9656025308227981,0.3091683864593506
unsw,unsw,XGBoost,1871037,0,median,absolute,3.886222839355469e-06,-4.02530034383138e-06
unsw,unsw,XGBoost,1871037,0,median,signed_descending,4.76837158203125e-06,-4.235903422037761e-06
unsw,unsw,XGBoost,1871037,0,mean,absolute,4.454056421915691e-05,3.952980041503906e-05
unsw,unsw,XGBoost,1871037,0,mean,signed_descending,5.499124526977539e-05,3.9124488830566405e-05
unsw,unsw,XGBoost,1942006,1,median,absolute,0.5719654768700517,0.5263017576498289
unsw,unsw,XGBoost,1942006,1,median,signed_descending,0.5719654768700517,0.5263017576498289
unsw,unsw,XGBoost,1942006,1,mean,absolute,0.6054950832156464,0.4668922384579976
unsw,unsw,XGBoost,1942006,1,mean,signed_descending,0.6054950832156464,0.4668922384579976
unsw,unsw,XGBoost,1971157,0,median,absolute,-1.4305114746093747e-07,-1.8358230590820313e-06
unsw,unsw,XGBoost,1971157,0,median,signed_descending,-1.668930053710937e-07,-1.986821492513021e-06
unsw,unsw,XGBoost,1971157,0,mean,absolute,2.9714902242024738e-05,3.33706537882487e-05
unsw,unsw,XGBoost,1971157,0,mean,signed_descending,3.0430157979329425e-05,3.3068656921386716e-05
unsw,ids2018,XGBoost,504154,1,median,absolute,-0.004953225453694661,0.00736030340194702
unsw,ids2018,XGBoost,504154,1,median,signed_descending,0.0025388638178507486,-0.005577369530995687
unsw,ids2018,XGBoost,504154,1,mean,absolute,-0.004280563195546468,0.12759827375411986
unsw,ids2018,XGBoost,504154,1,mean,signed_descending,0.09347189664840698,-0.005523065725962321
unsw,ids2018,XGBoost,526672,0,median,absolute,-0.00014282464981079103,0.0009212732315063476
unsw,ids2018,XGBoost,526672,0,median,signed_descending,-0.00012824932734171549,1.4185905456542965e-06
unsw,ids2018,XGBoost,526672,0,mean,absolute,-0.0001292228698730469,0.007049763202667235
unsw,ids2018,XGBoost,526672,0,mean,signed_descending,-0.00013156731923421225,0.008702878157297771
unsw,ids2018,XGBoost,863548,1,median,absolute,-8.486111958821616e-05,0.00692530075709025
unsw,ids2018,XGBoost,863548,1,median,signed_descending,0.00025306542714436845,-0.00011287927627563476
unsw,ids2018,XGBoost,863548,1,mean,absolute,-0.0002908110618591308,0.11412773529688518
unsw,ids2018,XGBoost,863548,1,mean,signed_descending,0.0019684473673502604,-6.0987472534179683e-05
unsw,ids2018,XGBoost,1247706,1,median,absolute,-0.0002298593521118164,0.027276798089345296
unsw,ids2018,XGBoost,1247706,1,median,signed_descending,0.002974092960357666,-0.0004858215649922689
unsw,ids2018,XGBoost,1247706,1,mean,absolute,-0.0001975536346435547,0.10289837121963501
unsw,ids2018,XGBoost,1247706,1,mean,signed_descending,0.04882789850234986,-0.00047923723856608077
unsw,ids2018,XGBoost,3202532,0,median,absolute,-0.0022583127021789553,0.01599400838216146
unsw,ids2018,XGBoost,3202532,0,median,signed_descending,0.003607332706451416,-0.0026103695233662925
unsw,ids2018,XGBoost,3202532,0,mean,absolute,-0.002122374375661214,0.019521713256835938
unsw,ids2018,XGBoost,3202532,0,mean,signed_descending,0.1877352714538574,-0.002603224913279215
unsw,ids2018,XGBoost,3228906,0,median,absolute,-0.0002828637758890788,0.0009252667427062988
unsw,ids2018,XGBoost,3228906,0,median,signed_descending,-0.00026420354843139645,-4.089673360188802e-05
unsw,ids2018,XGBoost,3228906,0,mean,absolute,-0.0002828200658162435,0.00729513963063558
unsw,ids2018,XGBoost,3228906,0,mean,signed_descending,-0.0002809286117553711,0.007972021897633871
unsw,ids2018,XGBoost,5124375,0,median,absolute,-0.010389041900634765,0.004515047868092855
unsw,ids2018,XGBoost,5124375,0,median,signed_descending,-0.002371052900950114,-0.005741794904073079
unsw,ids2018,XGBoost,5124375,0,mean,absolute,-0.006155848503112793,0.15265428225199382
unsw,ids2018,XGBoost,5124375,0,mean,signed_descending,0.11022923787434895,-0.0056908051172892245
unsw,ids2018,XGBoost,5998673,1,median,absolute,-0.0012387514114379882,0.018695493539174397
unsw,ids2018,XGBoost,5998673,1,median,signed_descending,0.004422974586486816,-0.0005266189575195312
unsw,ids2018,XGBoost,5998673,1,mean,absolute,-0.0012299617131551106,0.06325918833414713
unsw,ids2018,XGBoost,5998673,1,mean,signed_descending,0.07120232979456584,-0.0005201458930969238
unsw,ids2018,XGBoost,6392601,0,median,absolute,-0.0007665793100992839,0.000350495179494222
unsw,ids2018,XGBoost,6392601,0,median,signed_descending,-0.0007417400677998861,-0.00021859407424926758
unsw,ids2018,XGBoost,6392601,0,mean,absolute,-0.0008956472078959147,0.004791482289632162
unsw,ids2018,XGBoost,6392601,0,mean,signed_descending,-0.000871121883392334,0.005549502372741699
unsw,ids2018,XGBoost,8475280,1,median,absolute,-0.001233204205830892,0.02738435665766398
unsw,ids2018,XGBoost,8475280,1,median,signed_descending,0.018104803562164307,-0.0015644669532775878
unsw,ids2018,XGBoost,8475280,1,mean,absolute,-0.0012390494346618652,0.10681206782658896
unsw,ids2018,XGBoost,8475280,1,mean,signed_descending,0.2670955379803975,-0.0015480836232503257
unsw,ids2018,XGBoost,8535025,1,median,absolute,-0.0012047608693440755,0.008181838194529214
unsw,ids2018,XGBoost,8535025,1,median,signed_descending,0.005403415362040202,-0.0006537477175394693
unsw,ids2018,XGBoost,8535025,1,mean,absolute,-0.0013959487279256184,0.022805436452229818
unsw,ids2018,XGBoost,8535025,1,mean,signed_descending,0.07768741051355998,-0.0006468415260314941
unsw,ids2018,XGBoost,8632909,1,median,absolute,-0.0010020891825358073,0.012412281831105548
unsw,ids2018,XGBoost,8632909,1,median,signed_descending,0.0033601800600687667,-0.0004482110341389974
unsw,ids2018,XGBoost,8632909,1,mean,absolute,-0.0010098099708557128,0.02395528554916382
unsw,ids2018,XGBoost,8632909,1,mean,signed_descending,0.05994077126185099,-0.00044112205505371095
unsw,ids2018,XGBoost,9041050,1,median,absolute,-0.00031837622324625654,0.027269057432810464
unsw,ids2018,XGBoost,9041050,1,median,signed_descending,0.0031837940216064456,-0.00041108528772989904
unsw,ids2018,XGBoost,9041050,1,mean,absolute,-0.00027622779210408527,0.028410649299621584
unsw,ids2018,XGBoost,9041050,1,mean,signed_descending,0.05118115345637003,-0.00040408770243326826
unsw,ids2018,XGBoost,9563273,0,median,absolute,-0.00022850036621093752,0.0005411465962727864
unsw,ids2018,XGBoost,9563273,0,median,signed_descending,-0.00020878314971923832,-7.634560267130535e-05
unsw,ids2018,XGBoost,9563273,0,mean,absolute,-0.00020662943522135416,0.004716543356577555
unsw,ids2018,XGBoost,9563273,0,mean,signed_descending,-0.00018326441446940103,0.005205059051513672
unsw,ids2018,XGBoost,9850776,0,median,absolute,-0.0004596352577209473,0.0007187644640604655
unsw,ids2018,XGBoost,9850776,0,median,signed_descending,-0.00043561458587646493,-0.00018127759297688803
unsw,ids2018,XGBoost,9850776,0,mean,absolute,-0.00042670567830403646,0.0064814249674479164
unsw,ids2018,XGBoost,9850776,0,mean,signed_descending,-0.0004294117291768392,0.0059351364771525065
unsw,ids2018,XGBoost,13843066,0,median,absolute,0.5738790698975208,0.2300060895892481
unsw,ids2018,XGBoost,13843066,0,median,signed_descending,0.5738790698975208,0.2300060895892481
unsw,ids2018,XGBoost,13843066,0,mean,absolute,0.6319501407684583,0.23488935579856238
unsw,ids2018,XGBoost,13843066,0,mean,signed_descending,0.6319501407684583,0.23488935579856238
unsw,ids2018,XGBoost,15077162,0,median,absolute,-0.009881897767384846,-0.0004690726598103841
unsw,ids2018,XGBoost,15077162,0,median,signed_descending,0.004848849773406982,-0.010751036802927653
unsw,ids2018,XGBoost,15077162,0,mean,absolute,-0.1676716645558675,0.05166486104329427
unsw,ids2018,XGBoost,15077162,0,mean,signed_descending,0.02555798689524334,-0.01072678565979004
unsw,ids2018,XGBoost,15680092,1,median,absolute,-0.0031924009323120116,0.008800649642944336
unsw,ids2018,XGBoost,15680092,1,median,signed_descending,0.024949121475219726,-0.0030471563339233396
unsw,ids2018,XGBoost,15680092,1,mean,absolute,-0.002802205085754394,0.058920419216156004
unsw,ids2018,XGBoost,15680092,1,mean,signed_descending,0.3029068350791931,-0.003040472666422526
unsw,ids2018,XGBoost,16435528,0,median,absolute,-0.0003411491711934407,0.0011234084765116374
unsw,ids2018,XGBoost,16435528,0,median,signed_descending,-0.0003262162208557129,-4.3288866678873704e-05
unsw,ids2018,XGBoost,16435528,0,mean,absolute,-0.0003443678220113118,0.008587193489074708
unsw,ids2018,XGBoost,16435528,0,mean,signed_descending,-0.00033263365427652997,0.006669199466705322
unsw,ids2018,XGBoost,16716642,1,median,absolute,-0.0005888541539510092,0.016264172395070393
unsw,ids2018,XGBoost,16716642,1,median,signed_descending,0.00252687136332194,-0.0005292137463887533
unsw,ids2018,XGBoost,16716642,1,mean,absolute,-0.000731062889099121,0.06243811051050821
unsw,ids2018,XGBoost,16716642,1,mean,signed_descending,0.052173646291097005,-0.0005226929982503256
